lon,lat,value,qc_reason
120.72,21.94,28.1,|R3_lat_low_coverage
120.6,21.97,28.6,|R3_lat_low_coverage
120.63,21.97,28.6,|R3_lat_low_coverage
120.66,21.97,27.8,|R3_lat_low_coverage
120.69,21.97,26.5,|R3_lat_low_coverage
120.72,21.97,28.7,|R3_lat_low_coverage
120.6,22.0,28.6,|R3_lat_low_coverage
120.63,22.0,28.6,|R3_lat_low_coverage
120.66,22.0,28.1,|R3_lat_low_coverage
120.69,22.0,28.5,|R3_lat_low_coverage
120.72,22.0,28.6,|R3_lat_low_coverage
120.6,22.03,28.5,
120.63,22.03,28.6,
120.66,22.03,26.7,
120.69,22.03,27.5,
120.72,22.03,28.2,
120.75,22.03,26.5,
121.44,22.03,27.0,
120.6,22.06,28.7,
120.63,22.06,28.6,
120.66,22.06,28.1,
120.69,22.06,28.1,
120.72,22.06,26.9,
120.75,22.06,27.4,
121.41,22.06,26.9,
120.6,22.09,28.7,|R3_lat_low_coverage
120.63,22.09,28.7,|R3_lat_low_coverage
120.66,22.09,27.7,|R3_lat_low_coverage
120.69,22.09,26.4,|R3_lat_low_coverage
120.72,22.09,26.9,|R3_lat_low_coverage
120.75,22.09,26.7,|R3_lat_low_coverage
120.6,22.12,28.4,|R3_lat_low_coverage
120.63,22.12,27.9,|R3_lat_low_coverage
120.66,22.12,28.2,|R3_lat_low_coverage
120.69,22.12,25.9,|R3_lat_low_coverage
120.72,22.12,26.7,|R3_lat_low_coverage
120.75,22.12,28.4,|R3_lat_low_coverage
120.6,22.15,26.8,|R3_lat_low_coverage
120.63,22.15,27.2,|R3_lat_low_coverage
120.66,22.15,27.9,|R3_lat_low_coverage
120.69,22.15,26.8,|R3_lat_low_coverage
120.72,22.15,25.7,|R3_lat_low_coverage
120.75,22.15,28.6,|R3_lat_low_coverage
120.6,22.18,26.1,|R3_lat_low_coverage
120.63,22.18,26.7,|R3_lat_low_coverage
120.66,22.18,25.7,|R3_lat_low_coverage
120.69,22.18,26.0,|R3_lat_low_coverage
120.72,22.18,26.5,|R3_lat_low_coverage
120.75,22.18,28.7,|R3_lat_low_coverage
120.6,22.21,28.6,|R3_lat_low_coverage
120.63,22.21,27.1,|R3_lat_low_coverage
120.66,22.21,27.8,|R3_lat_low_coverage
120.69,22.21,26.9,|R3_lat_low_coverage
120.72,22.21,26.2,|R3_lat_low_coverage
120.75,22.21,27.1,|R3_lat_low_coverage
120.57,22.24,28.3,
120.6,22.24,26.2,
120.63,22.24,25.6,
120.66,22.24,26.8,
120.69,22.24,25.9,
120.72,22.24,26.2,
120.75,22.24,27.6,
120.54,22.27,28.0,
120.57,22.27,28.3,
120.6,22.27,28.2,
120.63,22.27,26.9,
120.66,22.27,26.0,
120.69,22.27,24.4,
120.72,22.27,28.0,
120.75,22.27,28.1,
120.54,22.3,27.7,
120.57,22.3,25.7,
120.6,22.3,24.8,
120.63,22.3,24.4,
120.66,22.3,22.2,
120.69,22.3,27.3,
120.72,22.3,28.3,
120.75,22.3,28.8,
120.24,22.33,27.6,
120.51,22.33,28.9,
120.54,22.33,27.0,
120.57,22.33,25.4,
120.6,22.33,22.3,
120.63,22.33,24.3,
120.66,22.33,24.1,
120.69,22.33,25.8,
120.72,22.33,27.3,
120.75,22.33,25.2,
120.51,22.36,28.5,
120.54,22.36,26.8,
120.57,22.36,22.1,
120.6,22.36,22.1,
120.63,22.36,19.3,
120.66,22.36,24.4,
120.69,22.36,26.4,
120.72,22.36,27.8,
120.75,22.36,28.6,
120.78,22.36,28.8,
120.45,22.39,27.5,
120.48,22.39,27.8,
120.51,22.39,27.9,
120.54,22.39,26.9,
120.57,22.39,26.5,
120.6,22.39,24.8,
120.63,22.39,18.0,
120.66,22.39,23.9,
120.69,22.39,25.9,
120.72,22.39,27.0,
120.75,22.39,26.7,
120.78,22.39,28.7,
120.39,22.42,25.3,
120.42,22.42,25.2,
120.45,22.42,26.8,
120.48,22.42,27.2,
120.51,22.42,27.2,
120.54,22.42,25.3,
120.57,22.42,21.7,
120.6,22.42,25.3,
120.63,22.42,24.0,
120.66,22.42,19.4,
120.69,22.42,21.9,
120.72,22.42,22.5,
120.75,22.42,24.0,
120.78,22.42,26.0,
120.39,22.45,26.0,
120.42,22.45,26.1,
120.45,22.45,26.4,
120.48,22.45,26.7,
120.51,22.45,26.5,
120.54,22.45,22.4,
120.57,22.45,26.3,
120.6,22.45,25.1,
120.63,22.45,19.6,
120.66,22.45,19.2,
120.69,22.45,24.5,
120.72,22.45,26.5,
120.75,22.45,27.6,
120.78,22.45,28.3,
120.81,22.45,28.5,
120.33,22.48,25.3,
120.36,22.48,25.8,
120.39,22.48,25.8,
120.42,22.48,25.9,
120.45,22.48,26.1,
120.48,22.48,26.5,
120.51,22.48,26.4,
120.54,22.48,23.6,
120.57,22.48,19.8,
120.6,22.48,22.9,
120.63,22.48,18.2,
120.66,22.48,19.6,
120.69,22.48,18.3,
120.72,22.48,23.0,
120.75,22.48,25.2,
120.78,22.48,27.3,
120.81,22.48,25.1,
120.24,22.51,25.5,
120.27,22.51,25.7,
120.3,22.51,25.8,
120.33,22.51,25.8,
120.36,22.51,25.8,
120.39,22.51,25.8,
120.42,22.51,25.9,
120.45,22.51,25.9,
120.48,22.51,26.3,
120.51,22.51,26.3,
120.54,22.51,24.8,
120.57,22.51,25.0,
120.6,22.51,23.2,
120.63,22.51,12.8,
120.66,22.51,18.2,
120.69,22.51,20.7,
120.72,22.51,24.7,
120.75,22.51,26.8,
120.78,22.51,27.1,
120.81,22.51,28.0,
120.24,22.54,25.5,
120.27,22.54,24.4,
120.3,22.54,25.7,
120.33,22.54,26.3,
120.36,22.54,25.8,
120.39,22.54,25.8,
120.42,22.54,25.6,
120.45,22.54,26.0,
120.48,22.54,26.2,
120.51,22.54,25.7,
120.54,22.54,25.6,
120.57,22.54,24.6,
120.6,22.54,18.8,
120.63,22.54,12.8,
120.66,22.54,20.4,
120.69,22.54,22.3,
120.72,22.54,23.5,
120.75,22.54,22.6,
120.78,22.54,23.6,
120.81,22.54,26.6,
120.84,22.54,26.1,
120.21,22.57,25.5,
120.24,22.57,25.5,
120.27,22.57,25.5,
120.3,22.57,25.5,
120.33,22.57,25.6,
120.36,22.57,25.7,
120.39,22.57,25.6,
120.42,22.57,25.7,
120.45,22.57,25.9,
120.48,22.57,26.0,
120.51,22.57,26.4,
120.54,22.57,25.2,
120.57,22.57,24.8,
120.6,22.57,17.1,
120.63,22.57,7.9,
120.66,22.57,16.5,
120.69,22.57,23.0,
120.72,22.57,24.6,
120.75,22.57,25.7,
120.78,22.57,26.5,
120.81,22.57,25.2,
120.84,22.57,23.3,
120.18,22.6,25.6,
120.21,22.6,25.5,
120.24,22.6,25.5,
120.27,22.6,25.4,
120.3,22.6,25.4,
120.33,22.6,25.5,
120.36,22.6,25.5,
120.39,22.6,25.6,
120.42,22.6,25.7,
120.45,22.6,25.7,
120.48,22.6,25.0,
120.51,22.6,26.3,
120.54,22.6,22.1,
120.57,22.6,22.3,
120.6,22.6,21.0,
120.63,22.6,10.2,
120.66,22.6,16.1,
120.69,22.6,22.5,
120.72,22.6,23.8,
120.75,22.6,21.2,
120.78,22.6,25.0,
120.81,22.6,26.0,
120.84,22.6,25.9,
120.87,22.6,26.7,
120.15,22.63,26.4,
120.18,22.63,26.2,
120.21,22.63,26.0,
120.24,22.63,25.4,
120.27,22.63,25.4,
120.3,22.63,25.4,
120.33,22.63,25.4,
120.36,22.63,25.4,
120.39,22.63,25.5,
120.42,22.63,25.5,
120.45,22.63,25.6,
120.48,22.63,25.8,
120.51,22.63,26.0,
120.54,22.63,24.9,
120.57,22.63,21.2,
120.6,22.63,16.6,
120.63,22.63,8.2,
120.66,22.63,12.7,
120.69,22.63,19.6,
120.72,22.63,20.5,
120.75,22.63,18.2,
120.78,22.63,21.4,
120.81,22.63,20.6,
120.84,22.63,22.9,
120.87,22.63,25.0,
120.15,22.66,25.5,
120.18,22.66,25.6,
120.21,22.66,25.4,
120.24,22.66,25.3,
120.27,22.66,25.3,
120.3,22.66,25.3,
120.33,22.66,25.3,
120.36,22.66,24.5,
120.39,22.66,25.4,
120.42,22.66,25.5,
120.45,22.66,25.5,
120.48,22.66,25.5,
120.51,22.66,25.7,
120.54,22.66,20.2,
120.57,22.66,19.0,
120.6,22.66,22.7,
120.63,22.66,17.9,
120.66,22.66,16.7,
120.69,22.66,16.7,
120.72,22.66,17.7,
120.75,22.66,19.5,
120.78,22.66,22.5,
120.81,22.66,23.8,
120.84,22.66,25.4,
120.87,22.66,24.0,
120.9,22.66,27.3,
121.35,22.66,26.1,
120.18,22.69,25.4,
120.21,22.69,25.4,
120.24,22.69,25.4,
120.27,22.69,25.1,
120.3,22.69,24.7,
120.33,22.69,25.2,
120.36,22.69,25.3,
120.39,22.69,25.3,
120.42,22.69,25.4,
120.45,22.69,25.3,
120.48,22.69,25.3,
120.51,22.69,25.3,
120.54,22.69,22.4,
120.57,22.69,25.2,
120.6,22.69,24.5,
120.63,22.69,20.4,
120.66,22.69,13.8,
120.69,22.69,12.7,
120.72,22.69,15.5,
120.75,22.69,15.2,
120.78,22.69,19.0,
120.81,22.69,20.3,
120.84,22.69,23.1,
120.87,22.69,23.9,
120.9,22.69,26.9,
120.93,22.69,27.1,
120.15,22.72,25.3,
120.18,22.72,25.3,
120.21,22.72,25.4,
120.24,22.72,25.3,
120.27,22.72,25.0,
120.3,22.72,24.9,
120.33,22.72,25.2,
120.36,22.72,25.2,
120.39,22.72,25.2,
120.42,22.72,25.2,
120.45,22.72,25.2,
120.48,22.72,25.1,
120.51,22.72,24.1,
120.54,22.72,24.1,
120.57,22.72,24.7,
120.6,22.72,19.9,
120.63,22.72,15.1,
120.66,22.72,17.4,
120.69,22.72,18.6,
120.72,22.72,13.6,
120.75,22.72,11.6,
120.78,22.72,11.6,
120.81,22.72,20.1,
120.84,22.72,22.9,
120.87,22.72,23.6,
120.9,22.72,24.4,
120.93,22.72,26.7,
120.96,22.72,26.5,
120.99,22.72,26.6,
120.15,22.75,25.2,
120.18,22.75,25.3,
120.21,22.75,25.2,
120.24,22.75,25.2,
120.27,22.75,25.1,
120.3,22.75,24.2,
120.33,22.75,25.1,
120.36,22.75,24.7,
120.39,22.75,25.2,
120.42,22.75,25.2,
120.45,22.75,25.2,
120.48,22.75,25.2,
120.51,22.75,25.2,
120.54,22.75,23.6,
120.57,22.75,24.3,
120.6,22.75,24.3,
120.63,22.75,23.8,
120.66,22.75,22.7,
120.69,22.75,20.4,
120.72,22.75,18.1,
120.75,22.75,13.9,
120.78,22.75,9.5,
120.81,22.75,16.4,
120.84,22.75,21.0,
120.87,22.75,23.2,
120.9,22.75,24.7,
120.93,22.75,26.3,
120.96,22.75,26.5,
120.99,22.75,26.5,
121.02,22.75,25.6,
120.12,22.78,24.8,
120.15,22.78,25.2,
120.18,22.78,25.3,
120.21,22.78,25.2,
120.24,22.78,25.2,
120.27,22.78,24.9,
120.3,22.78,24.7,
120.33,22.78,24.9,
120.36,22.78,24.6,
120.39,22.78,25.2,
120.42,22.78,25.2,
120.45,22.78,25.3,
120.48,22.78,25.2,
120.51,22.78,25.3,
120.54,22.78,20.7,
120.57,22.78,21.9,
120.6,22.78,18.8,
120.63,22.78,17.4,
120.66,22.78,13.3,
120.69,22.78,19.8,
120.72,22.78,17.1,
120.75,22.78,14.8,
120.78,22.78,6.9,
120.81,22.78,13.0,
120.84,22.78,13.3,
120.87,22.78,17.9,
120.9,22.78,23.8,
120.93,22.78,25.0,
120.96,22.78,26.3,
120.99,22.78,26.6,
121.02,22.78,26.5,
121.05,22.78,26.5,
120.12,22.81,25.2,
120.15,22.81,25.2,
120.18,22.81,24.8,
120.21,22.81,25.2,
120.24,22.81,25.2,
120.27,22.81,24.9,
120.3,22.81,24.2,
120.33,22.81,24.5,
120.36,22.81,25.1,
120.39,22.81,25.2,
120.42,22.81,25.1,
120.45,22.81,25.1,
120.48,22.81,25.0,
120.51,22.81,25.0,
120.54,22.81,21.1,
120.57,22.81,22.4,
120.6,22.81,16.5,
120.63,22.81,9.9,
120.66,22.81,13.4,
120.69,22.81,14.3,
120.72,22.81,15.8,
120.75,22.81,8.9,
120.78,22.81,10.9,
120.81,22.81,16.3,
120.84,22.81,13.9,
120.87,22.81,18.3,
120.9,22.81,19.5,
120.93,22.81,24.7,
120.96,22.81,25.8,
120.99,22.81,23.5,
121.02,22.81,26.4,
121.05,22.81,25.9,
120.09,22.84,25.2,
120.12,22.84,25.2,
120.15,22.84,25.2,
120.18,22.84,25.1,
120.21,22.84,25.2,
120.24,22.84,25.1,
120.27,22.84,24.8,
120.3,22.84,24.7,
120.33,22.84,24.2,
120.36,22.84,25.1,
120.39,22.84,25.0,
120.42,22.84,25.0,
120.45,22.84,24.9,
120.48,22.84,24.9,
120.51,22.84,25.0,
120.54,22.84,22.0,
120.57,22.84,19.6,
120.6,22.84,19.3,
120.63,22.84,13.5,
120.66,22.84,8.2,
120.69,22.84,12.7,
120.72,22.84,14.0,
120.75,22.84,11.4,
120.78,22.84,16.2,
120.81,22.84,19.3,
120.84,22.84,17.7,
120.87,22.84,16.4,
120.9,22.84,16.9,
120.93,22.84,21.1,
120.96,22.84,24.7,
120.99,22.84,24.5,
121.02,22.84,26.2,
121.05,22.84,25.8,
120.12,22.87,25.2,
120.15,22.87,25.2,
120.18,22.87,25.1,
120.21,22.87,25.1,
120.24,22.87,25.0,
120.27,22.87,25.0,
120.3,22.87,24.8,
120.33,22.87,24.5,
120.36,22.87,25.0,
120.39,22.87,24.9,
120.42,22.87,25.0,
120.45,22.87,25.0,
120.48,22.87,24.4,
120.51,22.87,24.6,
120.54,22.87,24.2,
120.57,22.87,22.0,
120.6,22.87,17.1,
120.63,22.87,16.5,
120.66,22.87,13.9,
120.69,22.87,13.7,
120.72,22.87,9.0,
120.75,22.87,9.4,
120.78,22.87,12.1,
120.81,22.87,16.9,
120.84,22.87,22.5,
120.87,22.87,19.4,
120.9,22.87,23.1,
120.93,22.87,24.4,
120.96,22.87,21.8,
120.99,22.87,25.0,
121.02,22.87,25.7,
121.05,22.87,22.5,
121.08,22.87,25.1,
121.11,22.87,26.3,
120.09,22.9,25.2,
120.12,22.9,25.1,
120.15,22.9,24.5,
120.18,22.9,25.1,
120.21,22.9,25.0,
120.24,22.9,25.0,
120.27,22.9,24.1,
120.3,22.9,24.8,
120.33,22.9,24.8,
120.36,22.9,24.9,
120.39,22.9,24.4,
120.42,22.9,25.0,
120.45,22.9,25.0,
120.48,22.9,23.8,
120.51,22.9,24.4,
120.54,22.9,22.7,
120.57,22.9,24.1,
120.6,22.9,21.3,
120.63,22.9,17.6,
120.66,22.9,12.4,
120.69,22.9,15.7,
120.72,22.9,6.3,
120.75,22.9,9.1,
120.78,22.9,9.9,
120.81,22.9,19.0,
120.84,22.9,18.2,
120.87,22.9,15.3,
120.9,22.9,20.2,
120.93,22.9,21.7,
120.96,22.9,24.2,
120.99,22.9,25.3,
121.02,22.9,25.5,
121.05,22.9,23.9,
121.08,22.9,22.1,
121.11,22.9,25.7,
120.06,22.93,25.3,
120.09,22.93,25.2,
120.12,22.93,25.1,
120.15,22.93,25.1,
120.18,22.93,25.1,
120.21,22.93,25.0,
120.24,22.93,24.9,
120.27,22.93,25.0,
120.3,22.93,24.3,
120.33,22.93,24.8,
120.36,22.93,24.4,
120.39,22.93,24.7,
120.42,22.93,24.5,
120.45,22.93,24.6,
120.48,22.93,24.5,
120.51,22.93,23.5,
120.54,22.93,21.5,
120.57,22.93,21.6,
120.6,22.93,22.6,
120.63,22.93,21.5,
120.66,22.93,19.8,
120.69,22.93,9.4,
120.72,22.93,9.5,
120.75,22.93,13.5,
120.78,22.93,16.5,
120.81,22.93,16.3,
120.84,22.93,6.8,
120.87,22.93,12.5,
120.9,22.93,16.8,
120.93,22.93,19.6,
120.96,22.93,20.9,
120.99,22.93,23.8,
121.02,22.93,25.0,
121.05,22.93,25.2,
121.08,22.93,23.4,
121.11,22.93,23.9,
121.14,22.93,26.1,
120.06,22.96,26.2,
120.09,22.96,25.3,
120.12,22.96,25.2,
120.15,22.96,25.1,
120.18,22.96,25.1,
120.21,22.96,25.0,
120.24,22.96,25.3,
120.27,22.96,24.7,
120.3,22.96,24.3,
120.33,22.96,24.3,
120.36,22.96,24.5,
120.39,22.96,24.4,
120.42,22.96,24.4,
120.45,22.96,23.8,
120.48,22.96,23.7,
120.51,22.96,22.6,
120.54,22.96,22.2,
120.57,22.96,19.8,
120.6,22.96,20.9,
120.63,22.96,18.5,
120.66,22.96,17.5,
120.69,22.96,8.7,
120.72,22.96,7.5,
120.75,22.96,13.1,
120.78,22.96,15.0,
120.81,22.96,11.7,
120.84,22.96,5.9,
120.87,22.96,8.1,
120.9,22.96,10.5,
120.93,22.96,15.5,
120.96,22.96,23.3,
120.99,22.96,24.2,
121.02,22.96,24.8,
121.05,22.96,25.2,
121.08,22.96,24.6,
121.11,22.96,23.8,
121.14,22.96,25.2,
121.17,22.96,25.8,
120.06,22.99,25.3,
120.09,22.99,25.3,
120.12,22.99,25.2,
120.15,22.99,25.1,
120.18,22.99,25.0,
120.21,22.99,25.0,
120.24,22.99,24.8,
120.27,22.99,24.7,
120.3,22.99,24.8,
120.33,22.99,24.6,
120.36,22.99,23.6,
120.39,22.99,24.2,
120.42,22.99,24.3,
120.45,22.99,24.2,
120.48,22.99,23.4,
120.51,22.99,22.8,
120.54,22.99,22.8,
120.57,22.99,20.3,
120.6,22.99,15.0,
120.63,22.99,20.2,
120.66,22.99,11.2,
120.69,22.99,8.2,
120.72,22.99,10.3,
120.75,22.99,10.5,
120.78,22.99,12.1,
120.81,22.99,9.1,
120.84,22.99,4.6,
120.87,22.99,4.3,
120.9,22.99,14.7,
120.93,22.99,22.2,
120.96,22.99,19.7,
120.99,22.99,21.2,
121.02,22.99,24.7,
121.05,22.99,25.2,
121.08,22.99,24.3,
121.11,22.99,23.8,
121.14,22.99,25.6,
121.17,22.99,25.7,
120.0,23.02,25.3,
120.03,23.02,25.3,
120.06,23.02,25.4,
120.09,23.02,25.3,
120.12,23.02,25.1,
120.15,23.02,25.1,
120.18,23.02,25.0,
120.21,23.02,24.9,
120.24,23.02,24.4,
120.27,23.02,24.3,
120.3,23.02,24.7,
120.33,23.02,24.6,
120.36,23.02,22.7,
120.39,23.02,22.7,
120.42,23.02,22.9,
120.45,23.02,23.4,
120.48,23.02,19.9,
120.51,23.02,21.2,
120.54,23.02,21.8,
120.57,23.02,18.0,
120.6,23.02,16.0,
120.63,23.02,16.8,
120.66,23.02,17.4,
120.69,23.02,11.9,
120.72,23.02,9.8,
120.75,23.02,4.1,
120.78,23.02,7.3,
120.81,23.02,4.0,
120.84,23.02,4.4,
120.87,23.02,11.1,
120.9,23.02,17.2,
120.93,23.02,17.0,
120.96,23.02,11.3,
120.99,23.02,18.7,
121.02,23.02,23.5,
121.05,23.02,24.8,
121.08,23.02,23.2,
121.11,23.02,21.0,
121.14,23.02,24.8,
121.17,23.02,24.5,
121.2,23.02,24.9,
121.95,23.02,25.3,|R3_lon_low_coverage
121.98,23.02,25.6,|R3_lon_low_coverage
120.0,23.05,25.3,
120.03,23.05,25.3,
120.06,23.05,25.2,
120.09,23.05,25.2,
120.12,23.05,25.1,
120.15,23.05,25.1,
120.18,23.05,25.0,
120.21,23.05,24.8,
120.24,23.05,24.6,
120.27,23.05,24.6,
120.3,23.05,24.8,
120.33,23.05,24.8,
120.36,23.05,24.1,
120.39,23.05,20.6,
120.42,23.05,22.7,
120.45,23.05,22.2,
120.48,23.05,21.2,
120.51,23.05,19.0,
120.54,23.05,22.4,
120.57,23.05,18.6,
120.6,23.05,16.2,
120.63,23.05,15.4,
120.66,23.05,18.5,
120.69,23.05,14.2,
120.72,23.05,6.2,
120.75,23.05,-1.9,
120.78,23.05,2.3,
120.81,23.05,1.3,
120.84,23.05,5.9,
120.87,23.05,7.8,
120.9,23.05,11.5,
120.93,23.05,12.4,
120.96,23.05,14.4,
120.99,23.05,17.0,
121.02,23.05,22.7,
121.05,23.05,24.6,
121.08,23.05,24.1,
121.11,23.05,20.5,
121.14,23.05,23.8,
121.17,23.05,24.6,
121.2,23.05,23.8,
121.92,23.05,25.4,|R3_lon_low_coverage
121.95,23.05,25.7,|R3_lon_low_coverage
121.98,23.05,25.3,|R3_lon_low_coverage
120.0,23.08,25.3,
120.03,23.08,25.2,
120.06,23.08,25.2,
120.09,23.08,25.2,
120.12,23.08,24.6,
120.15,23.08,25.1,
120.18,23.08,25.0,
120.21,23.08,24.9,
120.24,23.08,24.8,
120.27,23.08,24.8,
120.3,23.08,24.5,
120.33,23.08,24.4,
120.36,23.08,24.5,
120.39,23.08,24.1,
120.42,23.08,23.8,
120.45,23.08,20.8,
120.48,23.08,22.3,
120.51,23.08,19.1,
120.54,23.08,20.5,
120.57,23.08,22.3,
120.6,23.08,19.5,
120.63,23.08,14.3,
120.66,23.08,13.6,
120.69,23.08,6.9,
120.72,23.08,5.0,
120.75,23.08,3.5,
120.78,23.08,3.6,
120.81,23.08,7.3,
120.84,23.08,9.6,
120.87,23.08,6.3,
120.9,23.08,7.9,
120.93,23.08,13.5,
120.96,23.08,12.0,
120.99,23.08,20.3,
121.02,23.08,19.8,
121.05,23.08,24.7,
121.08,23.08,24.5,
121.11,23.08,23.4,
121.14,23.08,22.0,
121.17,23.08,23.4,
121.2,23.08,21.0,
121.23,23.08,25.7,
121.95,23.08,25.4,|R3_lon_low_coverage
120.0,23.11,25.3,
120.03,23.11,25.3,
120.06,23.11,25.3,
120.09,23.11,25.3,
120.12,23.11,25.2,
120.15,23.11,25.1,
120.18,23.11,25.0,
120.21,23.11,24.9,
120.24,23.11,24.9,
120.27,23.11,24.9,
120.3,23.11,24.2,
120.33,23.11,24.8,
120.36,23.11,24.3,
120.39,23.11,22.8,
120.42,23.11,21.9,
120.45,23.11,22.5,
120.48,23.11,22.6,
120.51,23.11,20.8,
120.54,23.11,15.2,
120.57,23.11,20.3,
120.6,23.11,19.8,
120.63,23.11,18.3,
120.66,23.11,15.5,
120.69,23.11,12.0,
120.72,23.11,13.6,
120.75,23.11,6.9,
120.78,23.11,3.1,
120.81,23.11,10.1,
120.84,23.11,9.4,
120.87,23.11,9.3,
120.9,23.11,15.4,
120.93,23.11,18.5,
120.96,23.11,20.0,
120.99,23.11,22.3,
121.02,23.11,17.2,
121.05,23.11,23.9,
121.08,23.11,24.0,
121.11,23.11,23.9,
121.14,23.11,19.2,
121.17,23.11,22.1,
121.2,23.11,15.3,
121.23,23.11,23.1,
121.26,23.11,26.1,
120.0,23.14,25.3,
120.03,23.14,25.3,
120.06,23.14,25.3,
120.09,23.14,25.2,
120.12,23.14,25.1,
120.15,23.14,25.1,
120.18,23.14,25.0,
120.21,23.14,24.9,
120.24,23.14,24.7,
120.27,23.14,24.8,
120.3,23.14,24.7,
120.33,23.14,24.3,
120.36,23.14,24.5,
120.39,23.14,23.6,
120.42,23.14,18.7,
120.45,23.14,23.3,
120.48,23.14,19.4,
120.51,23.14,21.5,
120.54,23.14,16.5,
120.57,23.14,16.5,
120.6,23.14,20.4,
120.63,23.14,19.2,
120.66,23.14,16.1,
120.69,23.14,15.3,
120.72,23.14,7.8,
120.75,23.14,3.0,
120.78,23.14,5.5,
120.81,23.14,6.6,
120.84,23.14,4.2,
120.87,23.14,8.7,
120.9,23.14,12.6,
120.93,23.14,14.6,
120.96,23.14,21.4,
120.99,23.14,21.8,
121.02,23.14,22.7,
121.05,23.14,20.9,
121.08,23.14,24.0,
121.11,23.14,24.4,
121.14,23.14,23.7,
121.17,23.14,22.6,
121.2,23.14,12.5,
121.23,23.14,20.5,
121.26,23.14,25.3,
121.98,23.14,25.4,|R3_lon_low_coverage
120.0,23.17,25.3,
120.03,23.17,25.2,
120.06,23.17,25.3,
120.09,23.17,25.2,
120.12,23.17,25.2,
120.15,23.17,25.1,
120.18,23.17,25.0,
120.21,23.17,24.9,
120.24,23.17,24.8,
120.27,23.17,24.3,
120.3,23.17,24.1,
120.33,23.17,22.5,
120.36,23.17,24.4,
120.39,23.17,23.5,
120.42,23.17,21.6,
120.45,23.17,18.8,
120.48,23.17,22.9,
120.51,23.17,17.7,
120.54,23.17,17.9,
120.57,23.17,12.5,
120.6,23.17,13.6,
120.63,23.17,17.3,
120.66,23.17,20.0,
120.69,23.17,15.0,
120.72,23.17,7.9,
120.75,23.17,7.7,
120.78,23.17,2.6,
120.81,23.17,9.3,
120.84,23.17,8.9,
120.87,23.17,12.7,
120.9,23.17,20.2,
120.93,23.17,16.4,
120.96,23.17,12.8,
120.99,23.17,17.7,
121.02,23.17,13.9,
121.05,23.17,20.2,
121.08,23.17,18.8,
121.11,23.17,24.1,
121.14,23.17,24.0,
121.17,23.17,21.3,
121.2,23.17,16.0,
121.23,23.17,17.2,
121.26,23.17,22.7,
121.98,23.17,25.4,|R3_lon_low_coverage
120.0,23.2,25.4,
120.03,23.2,25.3,
120.06,23.2,25.3,
120.09,23.2,25.3,
120.12,23.2,25.3,
120.15,23.2,25.1,
120.18,23.2,25.1,
120.21,23.2,24.9,
120.24,23.2,24.8,
120.27,23.2,24.5,
120.3,23.2,24.5,
120.33,23.2,23.6,
120.36,23.2,23.9,
120.39,23.2,23.5,
120.42,23.2,22.5,
120.45,23.2,16.9,
120.48,23.2,22.3,
120.51,23.2,20.7,
120.54,23.2,20.0,
120.57,23.2,18.8,
120.6,23.2,14.5,
120.63,23.2,14.8,
120.66,23.2,20.5,
120.69,23.2,16.0,
120.72,23.2,16.7,
120.75,23.2,13.7,
120.78,23.2,4.1,
120.81,23.2,9.4,
120.84,23.2,17.5,
120.87,23.2,18.1,
120.9,23.2,16.1,
120.93,23.2,11.1,
120.96,23.2,10.3,
120.99,23.2,13.8,
121.02,23.2,6.2,
121.05,23.2,13.9,
121.08,23.2,17.0,
121.11,23.2,21.1,
121.14,23.2,24.5,
121.17,23.2,23.7,
121.2,23.2,17.7,
121.23,23.2,17.0,
121.26,23.2,25.4,
120.0,23.23,25.4,
120.03,23.23,25.4,
120.06,23.23,25.5,
120.09,23.23,25.3,
120.12,23.23,25.2,
120.15,23.23,25.1,
120.18,23.23,25.0,
120.21,23.23,24.9,
120.24,23.23,24.8,
120.27,23.23,23.8,
120.3,23.23,24.4,
120.33,23.23,24.3,
120.36,23.23,20.8,
120.39,23.23,22.1,
120.42,23.23,22.7,
120.45,23.23,21.4,
120.48,23.23,18.6,
120.51,23.23,21.6,
120.54,23.23,17.6,
120.57,23.23,21.3,
120.6,23.23,13.8,
120.63,23.23,10.3,
120.66,23.23,17.1,
120.69,23.23,20.8,
120.72,23.23,19.2,
120.75,23.23,9.2,
120.78,23.23,1.1,
120.81,23.23,5.6,
120.84,23.23,14.4,
120.87,23.23,15.5,
120.9,23.23,10.8,
120.93,23.23,8.8,
120.96,23.23,2.5,
120.99,23.23,9.3,
121.02,23.23,8.6,
121.05,23.23,13.4,
121.08,23.23,12.7,
121.11,23.23,19.5,
121.14,23.23,24.6,
121.17,23.23,24.7,
121.2,23.23,19.4,
121.23,23.23,19.2,
121.26,23.23,25.1,
121.29,23.23,26.4,
120.0,23.26,25.4,
120.03,23.26,25.4,
120.06,23.26,25.3,
120.09,23.26,25.3,
120.12,23.26,25.2,
120.15,23.26,25.1,
120.18,23.26,25.1,
120.21,23.26,25.0,
120.24,23.26,24.3,
120.27,23.26,24.8,
120.3,23.26,23.7,
120.33,23.26,24.5,
120.36,23.26,23.1,
120.39,23.26,19.5,
120.42,23.26,21.0,
120.45,23.26,22.5,
120.48,23.26,22.7,
120.51,23.26,21.1,
120.54,23.26,17.6,
120.57,23.26,19.1,
120.6,23.26,19.5,
120.63,23.26,11.2,
120.66,23.26,11.7,
120.69,23.26,21.9,
120.72,23.26,21.5,
120.75,23.26,8.4,
120.78,23.26,6.7,
120.81,23.26,10.6,
120.84,23.26,7.5,
120.87,23.26,4.7,
120.9,23.26,4.6,
120.93,23.26,3.2,
120.96,23.26,9.1,
120.99,23.26,15.2,
121.02,23.26,16.5,
121.05,23.26,19.4,
121.08,23.26,22.1,
121.11,23.26,19.3,
121.14,23.26,21.8,
121.17,23.26,25.0,
121.2,23.26,24.4,
121.23,23.26,23.4,
121.26,23.26,21.3,
121.29,23.26,26.1,
120.0,23.29,25.5,
120.03,23.29,25.4,
120.06,23.29,25.4,
120.09,23.29,25.3,
120.12,23.29,25.2,
120.15,23.29,25.1,
120.18,23.29,25.1,
120.21,23.29,25.0,
120.24,23.29,25.0,
120.27,23.29,24.9,
120.3,23.29,24.0,
120.33,23.29,24.2,
120.36,23.29,22.5,
120.39,23.29,19.5,
120.42,23.29,20.3,
120.45,23.29,23.9,
120.48,23.29,21.4,
120.51,23.29,22.5,
120.54,23.29,22.1,
120.57,23.29,19.4,
120.6,23.29,21.0,
120.63,23.29,12.8,
120.66,23.29,9.3,
120.69,23.29,18.0,
120.72,23.29,21.6,
120.75,23.29,19.6,
120.78,23.29,17.3,
120.81,23.29,17.2,
120.84,23.29,5.8,
120.87,23.29,1.4,
120.9,23.29,1.2,
120.93,23.29,2.6,
120.96,23.29,8.2,
120.99,23.29,5.4,
121.02,23.29,5.5,
121.05,23.29,13.4,
121.08,23.29,14.8,
121.11,23.29,18.0,
121.14,23.29,24.8,
121.17,23.29,25.1,
121.2,23.29,25.3,
121.23,23.29,23.3,
121.26,23.29,20.7,
121.29,23.29,24.4,
120.0,23.32,25.6,
120.03,23.32,25.5,
120.06,23.32,25.4,
120.09,23.32,25.3,
120.12,23.32,25.3,
120.15,23.32,25.2,
120.18,23.32,25.2,
120.21,23.32,25.1,
120.24,23.32,25.0,
120.27,23.32,25.0,
120.3,23.32,24.9,
120.33,23.32,24.6,
120.36,23.32,21.3,
120.39,23.32,20.1,
120.42,23.32,16.2,
120.45,23.32,22.8,
120.48,23.32,22.8,
120.51,23.32,20.4,
120.54,23.32,23.4,
120.57,23.32,20.0,
120.6,23.32,14.9,
120.63,23.32,18.6,
120.66,23.32,12.3,
120.69,23.32,15.3,
120.72,23.32,16.2,
120.75,23.32,12.8,
120.78,23.32,15.8,
120.81,23.32,14.3,
120.84,23.32,13.3,
120.87,23.32,9.1,
120.9,23.32,4.5,
120.93,23.32,7.1,
120.96,23.32,7.7,
120.99,23.32,2.2,
121.02,23.32,6.0,
121.05,23.32,14.9,
121.08,23.32,16.2,
121.11,23.32,21.2,
121.14,23.32,19.0,
121.17,23.32,23.7,
121.2,23.32,25.3,
121.23,23.32,24.1,
121.26,23.32,22.2,
121.29,23.32,23.5,
121.32,23.32,25.7,
120.0,23.35,25.6,
120.06,23.35,25.4,
120.09,23.35,25.3,
120.12,23.35,25.3,
120.15,23.35,25.2,
120.18,23.35,25.2,
120.21,23.35,25.1,
120.24,23.35,25.0,
120.27,23.35,25.0,
120.3,23.35,24.8,
120.33,23.35,24.7,
120.36,23.35,24.2,
120.39,23.35,21.8,
120.42,23.35,19.3,
120.45,23.35,19.8,
120.48,23.35,17.5,
120.51,23.35,20.3,
120.54,23.35,21.1,
120.57,23.35,20.3,
120.6,23.35,16.6,
120.63,23.35,16.7,
120.66,23.35,19.3,
120.69,23.35,13.1,
120.72,23.35,15.0,
120.75,23.35,9.3,
120.78,23.35,15.0,
120.81,23.35,9.7,
120.84,23.35,6.7,
120.87,23.35,2.4,
120.9,23.35,3.1,
120.93,23.35,9.6,
120.96,23.35,15.4,
120.99,23.35,7.5,
121.02,23.35,16.2,
121.05,23.35,15.8,
121.08,23.35,21.3,
121.11,23.35,21.6,
121.14,23.35,21.4,
121.17,23.35,23.9,
121.2,23.35,25.5,
121.23,23.35,25.1,
121.26,23.35,23.6,
121.29,23.35,17.0,
121.32,23.35,24.6,
120.06,23.38,25.5,
120.09,23.38,25.4,
120.12,23.38,25.4,
120.15,23.38,25.3,
120.18,23.38,25.2,
120.21,23.38,25.2,
120.24,23.38,25.1,
120.27,23.38,25.0,
120.3,23.38,25.0,
120.33,23.38,25.0,
120.36,23.38,24.7,
120.39,23.38,23.9,
120.42,23.38,23.6,
120.45,23.38,21.1,
120.48,23.38,17.0,
120.51,23.38,19.0,
120.54,23.38,22.4,
120.57,23.38,20.5,
120.6,23.38,14.7,
120.63,23.38,10.1,
120.66,23.38,12.3,
120.69,23.38,15.1,
120.72,23.38,18.1,
120.75,23.38,10.9,
120.78,23.38,9.4,
120.81,23.38,15.8,
120.84,23.38,12.0,
120.87,23.38,5.5,
120.9,23.38,10.3,
120.93,23.38,13.4,
120.96,23.38,12.7,
120.99,23.38,13.2,
121.02,23.38,17.8,
121.05,23.38,20.5,
121.08,23.38,21.3,
121.11,23.38,11.2,
121.14,23.38,17.5,
121.17,23.38,23.9,
121.2,23.38,25.5,
121.23,23.38,26.2,
121.26,23.38,21.5,
121.29,23.38,21.5,
121.32,23.38,18.5,
121.35,23.38,26.7,
120.06,23.41,25.5,
120.09,23.41,25.4,
120.12,23.41,25.3,
120.15,23.41,25.3,
120.18,23.41,25.5,
120.21,23.41,25.2,
120.24,23.41,25.1,
120.27,23.41,25.1,
120.3,23.41,25.1,
120.33,23.41,25.1,
120.36,23.41,24.5,
120.39,23.41,24.9,
120.42,23.41,24.5,
120.45,23.41,23.0,
120.48,23.41,19.9,
120.51,23.41,20.5,
120.54,23.41,18.3,
120.57,23.41,18.5,
120.6,23.41,15.8,
120.63,23.41,11.4,
120.66,23.41,11.5,
120.69,23.41,11.2,
120.72,23.41,16.9,
120.75,23.41,12.3,
120.78,23.41,12.3,
120.81,23.41,9.6,
120.84,23.41,7.8,
120.87,23.41,12.1,
120.9,23.41,7.4,
120.93,23.41,12.0,
120.96,23.41,15.4,
120.99,23.41,14.0,
121.02,23.41,10.2,
121.05,23.41,10.4,
121.08,23.41,13.6,
121.11,23.41,12.8,
121.14,23.41,16.3,
121.17,23.41,21.6,
121.2,23.41,25.2,
121.23,23.41,26.2,
121.26,23.41,24.7,
121.29,23.41,17.5,
121.32,23.41,23.6,
121.35,23.41,25.6,
120.03,23.44,25.5,
120.06,23.44,25.5,
120.09,23.44,25.4,
120.12,23.44,25.3,
120.15,23.44,25.3,
120.18,23.44,25.3,
120.21,23.44,25.2,
120.24,23.44,25.2,
120.27,23.44,25.2,
120.3,23.44,25.1,
120.33,23.44,25.3,
120.36,23.44,25.3,
120.39,23.44,24.9,
120.42,23.44,24.8,
120.45,23.44,24.3,
120.48,23.44,24.3,
120.51,23.44,20.9,
120.54,23.44,16.3,
120.57,23.44,21.3,
120.6,23.44,19.4,
120.63,23.44,15.9,
120.66,23.44,16.3,
120.69,23.44,9.9,
120.72,23.44,16.2,
120.75,23.44,14.7,
120.78,23.44,11.5,
120.81,23.44,4.0,
120.84,23.44,2.4,
120.87,23.44,10.2,
120.9,23.44,5.4,
120.93,23.44,5.7,
120.96,23.44,9.1,
120.99,23.44,10.7,
121.02,23.44,8.5,
121.05,23.44,7.6,
121.08,23.44,4.4,
121.11,23.44,10.8,
121.14,23.44,21.3,
121.17,23.44,24.0,
121.2,23.44,24.1,
121.23,23.44,25.6,
121.26,23.44,25.9,
121.29,23.44,21.1,
121.32,23.44,18.8,
121.35,23.44,24.2,
120.03,23.47,25.5,
120.06,23.47,25.5,
120.09,23.47,25.4,
120.12,23.47,25.4,
120.15,23.47,25.4,
120.18,23.47,25.3,
120.21,23.47,25.3,
120.24,23.47,25.3,
120.27,23.47,25.3,
120.3,23.47,25.4,
120.33,23.47,25.4,
120.36,23.47,24.6,
120.39,23.47,24.7,
120.42,23.47,23.7,
120.45,23.47,24.3,
120.48,23.47,22.1,
120.51,23.47,21.7,
120.54,23.47,19.8,
120.57,23.47,17.4,
120.6,23.47,12.9,
120.63,23.47,19.3,
120.66,23.47,14.4,
120.69,23.47,8.3,
120.72,23.47,9.8,
120.75,23.47,8.0,
120.78,23.47,8.3,
120.81,23.47,6.2,
120.84,23.47,5.0,
120.87,23.47,8.8,
120.9,23.47,6.7,
120.93,23.47,3.6,
120.96,23.47,5.2,
120.99,23.47,11.3,
121.02,23.47,6.3,
121.05,23.47,0.04,
121.08,23.47,2.3,
121.11,23.47,10.1,
121.14,23.47,20.2,
121.17,23.47,15.9,
121.2,23.47,21.6,
121.23,23.47,25.2,
121.26,23.47,25.5,
121.29,23.47,24.8,
121.32,23.47,21.3,
121.35,23.47,25.9,
121.38,23.47,26.6,
120.06,23.5,25.5,
120.09,23.5,25.4,
120.12,23.5,25.4,
120.15,23.5,25.4,
120.18,23.5,25.3,
120.21,23.5,25.3,
120.24,23.5,25.3,
120.27,23.5,25.3,
120.3,23.5,25.8,
120.33,23.5,25.5,
120.36,23.5,24.7,
120.39,23.5,25.3,
120.42,23.5,25.3,
120.45,23.5,24.7,
120.48,23.5,22.1,
120.51,23.5,17.2,
120.54,23.5,17.9,
120.57,23.5,16.8,
120.6,23.5,13.5,
120.63,23.5,14.3,
120.66,23.5,12.6,
120.69,23.5,10.7,
120.72,23.5,15.5,
120.75,23.5,12.9,
120.78,23.5,16.7,
120.81,23.5,16.4,
120.84,23.5,8.1,
120.87,23.5,12.8,
120.9,23.5,8.6,
120.93,23.5,-1.3,
120.96,23.5,2.4,
120.99,23.5,7.1,
121.02,23.5,3.6,
121.05,23.5,0.91,
121.08,23.5,5.9,
121.11,23.5,15.5,
121.14,23.5,17.8,
121.17,23.5,17.4,
121.2,23.5,24.2,
121.23,23.5,24.6,
121.26,23.5,25.8,
121.29,23.5,25.0,
121.32,23.5,25.9,
121.35,23.5,24.5,
121.38,23.5,26.8,
120.06,23.53,25.5,
120.09,23.53,25.4,
120.12,23.53,25.4,
120.15,23.53,25.4,
120.18,23.53,25.4,
120.21,23.53,25.3,
120.24,23.53,25.3,
120.27,23.53,25.3,
120.3,23.53,25.4,
120.33,23.53,25.5,
120.36,23.53,25.2,
120.39,23.53,25.3,
120.42,23.53,24.1,
120.45,23.53,24.5,
120.48,23.53,22.4,
120.51,23.53,17.9,
120.54,23.53,19.9,
120.57,23.53,15.5,
120.6,23.53,20.2,
120.63,23.53,15.6,
120.66,23.53,7.5,
120.69,23.53,9.2,
120.72,23.53,17.5,
120.75,23.53,17.6,
120.78,23.53,15.3,
120.81,23.53,17.0,
120.84,23.53,17.8,
120.87,23.53,11.9,
120.9,23.53,10.7,
120.93,23.53,5.0,
120.96,23.53,4.9,
120.99,23.53,1.9,
121.02,23.53,3.1,
121.05,23.53,9.5,
121.08,23.53,13.9,
121.11,23.53,14.7,
121.14,23.53,10.8,
121.17,23.53,11.5,
121.2,23.53,21.4,
121.23,23.53,18.4,
121.26,23.53,24.4,
121.29,23.53,23.5,
121.32,23.53,23.3,
121.35,23.53,23.8,
121.38,23.53,26.9,
120.03,23.56,25.5,
120.06,23.56,25.5,
120.09,23.56,25.5,
120.12,23.56,25.4,
120.15,23.56,25.4,
120.18,23.56,25.4,
120.21,23.56,25.4,
120.24,23.56,25.4,
120.27,23.56,25.4,
120.3,23.56,25.5,
120.33,23.56,25.6,
120.36,23.56,25.4,
120.39,23.56,25.1,
120.42,23.56,25.0,
120.45,23.56,23.3,
120.48,23.56,18.5,
120.51,23.56,21.7,
120.54,23.56,20.6,
120.57,23.56,20.6,
120.6,23.56,22.8,
120.63,23.56,19.2,
120.66,23.56,15.7,
120.69,23.56,7.9,
120.72,23.56,12.9,
120.75,23.56,21.5,
120.78,23.56,19.5,
120.81,23.56,18.9,
120.84,23.56,7.1,
120.87,23.56,11.8,
120.9,23.56,14.0,
120.93,23.56,12.6,
120.96,23.56,12.6,
120.99,23.56,6.2,
121.02,23.56,4.2,
121.05,23.56,7.0,
121.08,23.56,4.0,
121.11,23.56,7.8,
121.14,23.56,11.6,
121.17,23.56,14.3,
121.2,23.56,12.2,
121.23,23.56,21.8,
121.26,23.56,25.5,
121.29,23.56,22.8,
121.32,23.56,24.6,
121.35,23.56,25.9,
121.38,23.56,24.0,
120.03,23.59,25.5,
120.06,23.59,25.5,
120.09,23.59,25.5,
120.12,23.59,25.5,
120.15,23.59,25.5,
120.18,23.59,25.4,
120.21,23.59,25.4,
120.24,23.59,25.4,
120.27,23.59,25.4,
120.3,23.59,25.5,
120.33,23.59,25.6,
120.36,23.59,25.6,
120.39,23.59,25.2,
120.42,23.59,24.3,
120.45,23.59,24.4,
120.48,23.59,22.4,
120.51,23.59,19.2,
120.54,23.59,18.8,
120.57,23.59,19.3,
120.6,23.59,18.5,
120.63,23.59,18.0,
120.66,23.59,12.0,
120.69,23.59,9.6,
120.72,23.59,13.6,
120.75,23.59,17.5,
120.78,23.59,18.5,
120.81,23.59,8.8,
120.84,23.59,4.7,
120.87,23.59,12.9,
120.9,23.59,12.8,
120.93,23.59,3.5,
120.96,23.59,1.1,
120.99,23.59,4.3,
121.02,23.59,1.2,
121.05,23.59,1.9,
121.08,23.59,1.2,
121.11,23.59,3.9,
121.14,23.59,9.6,
121.17,23.59,18.1,
121.2,23.59,22.0,
121.23,23.59,23.7,
121.26,23.59,24.2,
121.29,23.59,23.9,
121.32,23.59,22.8,
121.35,23.59,25.4,
121.38,23.59,26.2,
120.03,23.62,25.5,
120.06,23.62,25.5,
120.09,23.62,25.5,
120.12,23.62,25.5,
120.15,23.62,25.5,
120.18,23.62,25.5,
120.21,23.62,25.4,
120.24,23.62,25.4,
120.27,23.62,25.4,
120.3,23.62,25.5,
120.33,23.62,25.6,
120.36,23.62,25.6,
120.39,23.62,25.5,
120.42,23.62,25.3,
120.45,23.62,24.8,
120.48,23.62,23.5,
120.51,23.62,22.0,
120.54,23.62,22.9,
120.57,23.62,15.8,
120.6,23.62,15.1,
120.63,23.62,15.7,
120.66,23.62,9.4,
120.69,23.62,10.3,
120.72,23.62,14.0,
120.75,23.62,20.4,
120.78,23.62,16.9,
120.81,23.62,6.8,
120.84,23.62,5.8,
120.87,23.62,11.6,
120.9,23.62,15.7,
120.93,23.62,10.7,
120.96,23.62,2.9,
120.99,23.62,-1.1,
121.02,23.62,0.72,
121.05,23.62,8.1,
121.08,23.62,8.0,
121.11,23.62,5.1,
121.14,23.62,4.6,
121.17,23.62,9.5,
121.2,23.62,13.2,
121.23,23.62,20.7,
121.26,23.62,23.4,
121.29,23.62,25.6,
121.32,23.62,24.7,
121.35,23.62,24.3,
121.38,23.62,25.7,
121.41,23.62,27.3,
120.03,23.65,25.5,
120.06,23.65,25.5,
120.09,23.65,25.5,
120.12,23.65,25.5,
120.15,23.65,25.5,
120.18,23.65,25.8,
120.21,23.65,25.5,
120.24,23.65,25.4,
120.27,23.65,25.5,
120.3,23.65,25.3,
120.33,23.65,25.6,
120.36,23.65,25.6,
120.39,23.65,25.6,
120.42,23.65,25.6,
120.45,23.65,25.2,
120.48,23.65,24.3,
120.51,23.65,23.2,
120.54,23.65,24.4,
120.57,23.65,20.0,
120.6,23.65,16.5,
120.63,23.65,16.8,
120.66,23.65,12.7,
120.69,23.65,12.5,
120.72,23.65,15.9,
120.75,23.65,21.7,
120.78,23.65,19.9,
120.81,23.65,16.6,
120.84,23.65,4.2,
120.87,23.65,12.6,
120.9,23.65,19.1,
120.93,23.65,8.6,
120.96,23.65,-0.54,
120.99,23.65,4.9,
121.02,23.65,8.3,
121.05,23.65,10.7,
121.08,23.65,9.8,
121.11,23.65,4.7,
121.14,23.65,4.6,
121.17,23.65,4.4,
121.2,23.65,12.5,
121.23,23.65,14.6,
121.26,23.65,21.4,
121.29,23.65,25.8,
121.32,23.65,26.0,
121.35,23.65,25.2,
121.38,23.65,22.0,
121.41,23.65,27.1,
120.06,23.68,25.5,
120.09,23.68,25.5,
120.12,23.68,26.1,
120.15,23.68,25.5,
120.18,23.68,25.5,
120.21,23.68,25.5,
120.24,23.68,25.5,
120.27,23.68,25.7,
120.3,23.68,25.5,
120.33,23.68,25.6,
120.36,23.68,25.4,
120.39,23.68,25.7,
120.42,23.68,25.7,
120.45,23.68,25.6,
120.48,23.68,25.4,
120.51,23.68,24.7,
120.54,23.68,24.7,
120.57,23.68,22.5,
120.6,23.68,17.4,
120.63,23.68,15.0,
120.66,23.68,17.7,
120.69,23.68,16.0,
120.72,23.68,21.9,
120.75,23.68,21.4,
120.78,23.68,14.5,
120.81,23.68,11.3,
120.84,23.68,9.9,
120.87,23.68,12.2,
120.9,23.68,17.1,
120.93,23.68,14.9,
120.96,23.68,13.0,
120.99,23.68,8.6,
121.02,23.68,14.1,
121.05,23.68,15.0,
121.08,23.68,9.2,
121.11,23.68,2.1,
121.14,23.68,12.3,
121.17,23.68,11.8,
121.2,23.68,19.5,
121.23,23.68,19.9,
121.26,23.68,24.0,
121.29,23.68,25.4,
121.32,23.68,26.0,
121.35,23.68,26.4,
121.38,23.68,25.1,
121.41,23.68,24.2,
120.06,23.71,25.5,
120.09,23.71,25.5,
120.12,23.71,25.5,
120.15,23.71,25.5,
120.18,23.71,25.5,
120.21,23.71,25.5,
120.24,23.71,25.4,
120.27,23.71,25.4,
120.3,23.71,25.5,
120.33,23.71,25.5,
120.36,23.71,25.7,
120.39,23.71,25.7,
120.42,23.71,25.7,
120.45,23.71,25.8,
120.48,23.71,25.4,
120.51,23.71,24.1,
120.54,23.71,25.2,
120.57,23.71,24.4,
120.6,23.71,21.7,
120.63,23.71,21.3,
120.66,23.71,21.0,
120.69,23.71,18.9,
120.72,23.71,22.9,
120.75,23.71,21.1,
120.78,23.71,15.4,
120.81,23.71,14.0,
120.84,23.71,7.4,
120.87,23.71,15.1,
120.9,23.71,19.0,
120.93,23.71,10.6,
120.96,23.71,10.3,
120.99,23.71,12.0,
121.02,23.71,18.2,
121.05,23.71,14.9,
121.08,23.71,10.6,
121.11,23.71,3.4,
121.14,23.71,5.0,
121.17,23.71,12.3,
121.2,23.71,9.9,
121.23,23.71,16.2,
121.26,23.71,23.6,
121.29,23.71,25.3,
121.32,23.71,26.0,
121.35,23.71,26.5,
121.38,23.71,25.0,
121.41,23.71,25.7,
120.06,23.74,25.5,
120.09,23.74,25.5,
120.12,23.74,25.4,
120.15,23.74,25.5,
120.18,23.74,25.5,
120.21,23.74,25.5,
120.24,23.74,25.5,
120.27,23.74,25.4,
120.3,23.74,25.2,
120.33,23.74,25.5,
120.36,23.74,25.5,
120.39,23.74,25.6,
120.42,23.74,25.7,
120.45,23.74,25.8,
120.48,23.74,25.6,
120.51,23.74,24.6,
120.54,23.74,25.2,
120.57,23.74,24.9,
120.6,23.74,23.1,
120.63,23.74,22.6,
120.66,23.74,20.9,
120.69,23.74,16.8,
120.72,23.74,22.2,
120.75,23.74,19.8,
120.78,23.74,21.6,
120.81,23.74,14.1,
120.84,23.74,8.1,
120.87,23.74,8.9,
120.9,23.74,17.3,
120.93,23.74,19.5,
120.96,23.74,21.2,
120.99,23.74,17.6,
121.02,23.74,9.3,
121.05,23.74,8.5,
121.08,23.74,7.0,
121.11,23.74,2.3,
121.14,23.74,7.7,
121.17,23.74,8.0,
121.2,23.74,15.3,
121.23,23.74,16.2,
121.26,23.74,23.0,
121.29,23.74,23.3,
121.32,23.74,26.1,
121.35,23.74,26.4,
121.38,23.74,24.8,
121.41,23.74,24.8,
121.44,23.74,27.0,
120.09,23.77,25.6,
120.12,23.77,25.6,
120.15,23.77,25.5,
120.18,23.77,25.5,
120.21,23.77,25.6,
120.24,23.77,25.5,
120.27,23.77,25.5,
120.3,23.77,25.6,
120.33,23.77,25.6,
120.36,23.77,25.6,
120.39,23.77,25.5,
120.42,23.77,25.7,
120.45,23.77,25.7,
120.48,23.77,25.6,
120.51,23.77,25.5,
120.54,23.77,25.4,
120.57,23.77,25.0,
120.6,23.77,24.2,
120.63,23.77,23.9,
120.66,23.77,23.1,
120.69,23.77,18.2,
120.72,23.77,21.3,
120.75,23.77,21.9,
120.78,23.77,22.7,
120.81,23.77,18.4,
120.84,23.77,18.9,
120.87,23.77,17.3,
120.9,23.77,19.6,
120.93,23.77,14.6,
120.96,23.77,13.1,
120.99,23.77,9.3,
121.02,23.77,10.5,
121.05,23.77,4.7,
121.08,23.77,3.7,
121.11,23.77,6.9,
121.14,23.77,13.0,
121.17,23.77,16.3,
121.2,23.77,20.1,
121.23,23.77,19.8,
121.26,23.77,10.4,
121.29,23.77,18.9,
121.32,23.77,23.5,
121.35,23.77,26.4,
121.38,23.77,26.5,
121.41,23.77,25.9,
121.44,23.77,26.6,
120.09,23.8,26.1,
120.12,23.8,25.6,
120.15,23.8,25.6,
120.18,23.8,25.6,
120.21,23.8,25.6,
120.24,23.8,26.2,
120.27,23.8,25.6,
120.3,23.8,25.6,
120.33,23.8,25.6,
120.36,23.8,25.6,
120.39,23.8,25.6,
120.42,23.8,25.6,
120.45,23.8,25.7,
120.48,23.8,25.7,
120.51,23.8,25.6,
120.54,23.8,25.4,
120.57,23.8,25.4,
120.6,23.8,24.0,
120.63,23.8,22.2,
120.66,23.8,24.9,
120.69,23.8,22.9,
120.72,23.8,23.4,
120.75,23.8,23.2,
120.78,23.8,23.4,
120.81,23.8,24.1,
120.84,23.8,22.7,
120.87,23.8,23.3,
120.9,23.8,19.1,
120.93,23.8,21.6,
120.96,23.8,18.9,
120.99,23.8,12.4,
121.02,23.8,13.4,
121.05,23.8,9.2,
121.08,23.8,6.4,
121.11,23.8,5.0,
121.14,23.8,16.6,
121.17,23.8,13.5,
121.2,23.8,15.4,
121.23,23.8,11.7,
121.26,23.8,12.9,
121.29,23.8,20.7,
121.32,23.8,25.3,
121.35,23.8,26.1,
121.38,23.8,26.7,
121.41,23.8,25.6,
121.44,23.8,26.3,
120.15,23.83,25.6,
120.18,23.83,25.6,
120.21,23.83,25.7,
120.24,23.83,25.7,
120.27,23.83,25.7,
120.3,23.83,25.7,
120.33,23.83,25.7,
120.36,23.83,25.7,
120.39,23.83,25.7,
120.42,23.83,25.7,
120.45,23.83,25.7,
120.48,23.83,25.9,
120.51,23.83,23.0,
120.54,23.83,23.9,
120.57,23.83,24.9,
120.6,23.83,24.3,
120.63,23.83,24.7,
120.66,23.83,24.8,
120.69,23.83,23.9,
120.72,23.83,22.1,
120.75,23.83,21.4,
120.78,23.83,21.3,
120.81,23.83,19.9,
120.84,23.83,12.5,
120.87,23.83,15.4,
120.9,23.83,19.9,
120.93,23.83,17.1,
120.96,23.83,13.1,
120.99,23.83,-0.24,
121.02,23.83,5.1,
121.05,23.83,4.8,
121.08,23.83,7.3,
121.11,23.83,7.4,
121.14,23.83,14.4,
121.17,23.83,7.2,
121.2,23.83,9.1,
121.23,23.83,14.4,
121.26,23.83,19.7,
121.29,23.83,21.0,
121.32,23.83,21.6,
121.35,23.83,26.2,
121.38,23.83,26.7,
121.41,23.83,26.5,
121.44,23.83,23.8,
120.15,23.86,25.6,
120.18,23.86,25.7,
120.21,23.86,25.7,
120.24,23.86,25.7,
120.27,23.86,25.7,
120.3,23.86,25.8,
120.33,23.86,25.8,
120.36,23.86,25.8,
120.39,23.86,25.8,
120.42,23.86,25.7,
120.45,23.86,25.8,
120.48,23.86,26.0,
120.51,23.86,24.1,
120.54,23.86,24.6,
120.57,23.86,24.9,
120.6,23.86,24.2,
120.63,23.86,25.0,
120.66,23.86,25.2,
120.69,23.86,21.7,
120.72,23.86,19.7,
120.75,23.86,22.5,
120.78,23.86,21.0,
120.81,23.86,21.2,
120.84,23.86,18.7,
120.87,23.86,14.0,
120.9,23.86,17.7,
120.93,23.86,17.8,
120.96,23.86,16.7,
120.99,23.86,11.4,
121.02,23.86,7.3,
121.05,23.86,2.8,
121.08,23.86,5.6,
121.11,23.86,12.7,
121.14,23.86,4.2,
121.17,23.86,8.7,
121.2,23.86,8.8,
121.23,23.86,16.4,
121.26,23.86,17.7,
121.29,23.86,19.6,
121.32,23.86,17.5,
121.35,23.86,23.4,
121.38,23.86,26.6,
121.41,23.86,26.7,
121.44,23.86,24.9,
121.47,23.86,25.9,
120.18,23.89,25.7,
120.21,23.89,25.8,
120.24,23.89,25.8,
120.27,23.89,25.8,
120.3,23.89,25.8,
120.33,23.89,25.9,
120.36,23.89,25.9,
120.39,23.89,25.9,
120.42,23.89,25.9,
120.45,23.89,25.9,
120.48,23.89,26.1,
120.51,23.89,22.8,
120.54,23.89,24.4,
120.57,23.89,25.8,
120.6,23.89,25.2,
120.63,23.89,24.5,
120.66,23.89,25.1,
120.69,23.89,23.2,
120.72,23.89,21.2,
120.75,23.89,22.7,
120.78,23.89,20.1,
120.81,23.89,22.4,
120.84,23.89,22.5,
120.87,23.89,19.3,
120.9,23.89,16.8,
120.93,23.89,20.3,
120.96,23.89,19.4,
120.99,23.89,9.7,
121.02,23.89,6.3,
121.05,23.89,7.0,
121.08,23.89,13.0,
121.11,23.89,12.8,
121.14,23.89,3.8,
121.17,23.89,7.6,
121.2,23.89,17.8,
121.23,23.89,21.9,
121.26,23.89,15.2,
121.29,23.89,19.3,
121.32,23.89,9.3,
121.35,23.89,22.1,
121.38,23.89,26.0,
121.41,23.89,26.4,
121.44,23.89,26.6,
121.47,23.89,23.9,
120.21,23.92,25.8,
120.24,23.92,25.8,
120.27,23.92,25.9,
120.3,23.92,25.9,
120.33,23.92,26.0,
120.36,23.92,26.0,
120.39,23.92,26.0,
120.42,23.92,25.7,
120.45,23.92,26.1,
120.48,23.92,26.2,
120.51,23.92,23.0,
120.54,23.92,25.3,
120.57,23.92,26.0,
120.6,23.92,25.2,
120.63,23.92,25.1,
120.66,23.92,24.8,
120.69,23.92,21.5,
120.72,23.92,19.4,
120.75,23.92,22.1,
120.78,23.92,22.3,
120.81,23.92,22.0,
120.84,23.92,23.5,
120.87,23.92,23.1,
120.9,23.92,17.6,
120.93,23.92,21.0,
120.96,23.92,21.5,
120.99,23.92,17.6,
121.02,23.92,13.4,
121.05,23.92,13.7,
121.08,23.92,16.7,
121.11,23.92,12.4,
121.14,23.92,7.9,
121.17,23.92,8.8,
121.2,23.92,12.5,
121.23,23.92,11.5,
121.26,23.92,5.3,
121.29,23.92,10.4,
121.32,23.92,9.3,
121.35,23.92,15.6,
121.38,23.92,25.9,
121.41,23.92,25.7,
121.44,23.92,26.2,
121.47,23.92,26.2,
120.21,23.95,25.9,
120.24,23.95,25.9,
120.27,23.95,26.0,
120.3,23.95,26.0,
120.33,23.95,26.1,
120.36,23.95,27.0,
120.39,23.95,26.1,
120.42,23.95,26.1,
120.45,23.95,26.5,
120.48,23.95,26.2,
120.51,23.95,23.4,
120.54,23.95,25.3,
120.57,23.95,26.0,
120.6,23.95,25.1,
120.63,23.95,24.9,
120.66,23.95,24.9,
120.69,23.95,20.5,
120.72,23.95,21.5,
120.75,23.95,23.0,
120.78,23.95,22.5,
120.81,23.95,23.8,
120.84,23.95,24.7,
120.87,23.95,24.4,
120.9,23.95,18.7,
120.93,23.95,18.5,
120.96,23.95,21.9,
120.99,23.95,20.8,
121.02,23.95,17.0,
121.05,23.95,18.7,
121.08,23.95,18.7,
121.11,23.95,17.5,
121.14,23.95,5.6,
121.17,23.95,4.1,
121.2,23.95,6.4,
121.23,23.95,7.9,
121.26,23.95,11.7,
121.29,23.95,17.3,
121.32,23.95,16.1,
121.35,23.95,19.3,
121.38,23.95,26.1,
121.41,23.95,26.7,
121.44,23.95,26.3,
121.47,23.95,26.1,
120.24,23.98,25.9,
120.27,23.98,26.0,
120.3,23.98,26.2,
120.33,23.98,26.2,
120.36,23.98,26.2,
120.39,23.98,25.8,
120.42,23.98,26.2,
120.45,23.98,26.3,
120.48,23.98,25.8,
120.51,23.98,25.5,
120.54,23.98,25.9,
120.57,23.98,25.8,
120.6,23.98,25.6,
120.63,23.98,25.6,
120.66,23.98,25.6,
120.69,23.98,23.3,
120.72,23.98,22.1,
120.75,23.98,24.9,
120.78,23.98,24.5,
120.81,23.98,24.9,
120.84,23.98,24.9,
120.87,23.98,25.3,
120.9,23.98,21.3,
120.93,23.98,18.5,
120.96,23.98,18.3,
120.99,23.98,19.3,
121.02,23.98,20.1,
121.05,23.98,13.5,
121.08,23.98,9.3,
121.11,23.98,11.3,
121.14,23.98,4.7,
121.17,23.98,7.9,
121.2,23.98,11.5,
121.23,23.98,11.8,
121.26,23.98,16.1,
121.29,23.98,16.2,
121.32,23.98,23.6,
121.35,23.98,26.0,
121.38,23.98,20.7,
121.41,23.98,21.9,
121.44,23.98,27.0,
121.47,23.98,26.1,
121.5,23.98,26.0,
120.24,24.01,26.0,
120.27,24.01,26.1,
120.3,24.01,27.0,
120.33,24.01,26.3,
120.36,24.01,26.3,
120.39,24.01,26.2,
120.42,24.01,26.3,
120.45,24.01,26.3,
120.48,24.01,25.1,
120.51,24.01,26.2,
120.54,24.01,25.3,
120.57,24.01,26.2,
120.6,24.01,26.1,
120.63,24.01,25.4,
120.66,24.01,22.8,
120.69,24.01,25.8,
120.72,24.01,25.6,
120.75,24.01,24.2,
120.78,24.01,23.9,
120.81,24.01,22.8,
120.84,24.01,25.6,
120.87,24.01,24.5,
120.9,24.01,21.0,
120.93,24.01,24.7,
120.96,24.01,25.1,
120.99,24.01,23.2,
121.02,24.01,22.6,
121.05,24.01,22.0,
121.08,24.01,20.7,
121.11,24.01,16.6,
121.14,24.01,11.3,
121.17,24.01,14.0,
121.2,24.01,19.8,
121.23,24.01,23.4,
121.26,24.01,25.1,
121.29,24.01,25.6,
121.32,24.01,22.5,
121.35,24.01,18.7,
121.38,24.01,19.9,
121.41,24.01,26.5,
121.44,24.01,27.2,
121.47,24.01,26.3,
121.5,24.01,26.0,
120.27,24.04,26.2,
120.3,24.04,26.3,
120.33,24.04,26.3,
120.36,24.04,26.3,
120.39,24.04,26.3,
120.42,24.04,27.4,
120.45,24.04,26.1,
120.48,24.04,25.3,
120.51,24.04,26.4,
120.54,24.04,26.4,
120.57,24.04,25.6,
120.6,24.04,25.5,
120.63,24.04,25.0,
120.66,24.04,23.9,
120.69,24.04,24.4,
120.72,24.04,24.4,
120.75,24.04,25.6,
120.78,24.04,24.0,
120.81,24.04,22.0,
120.84,24.04,23.9,
120.87,24.04,24.8,
120.9,24.04,16.7,
120.93,24.04,19.1,
120.96,24.04,21.5,
120.99,24.04,21.5,
121.02,24.04,22.9,
121.05,24.04,17.6,
121.08,24.04,21.4,
121.11,24.04,19.3,
121.14,24.04,14.5,
121.17,24.04,7.9,
121.2,24.04,17.9,
121.23,24.04,21.4,
121.26,24.04,19.0,
121.29,24.04,18.3,
121.32,24.04,20.0,
121.35,24.04,14.4,
121.38,24.04,16.7,
121.41,24.04,23.3,
121.44,24.04,22.7,
121.47,24.04,25.1,
120.3,24.07,25.9,
120.33,24.07,26.3,
120.36,24.07,26.4,
120.39,24.07,26.4,
120.42,24.07,26.4,
120.45,24.07,26.1,
120.48,24.07,26.5,
120.51,24.07,26.6,
120.54,24.07,25.8,
120.57,24.07,26.8,
120.6,24.07,26.6,
120.63,24.07,25.8,
120.66,24.07,25.2,
120.69,24.07,23.5,
120.72,24.07,23.0,
120.75,24.07,26.0,
120.78,24.07,25.4,
120.81,24.07,25.6,
120.84,24.07,26.3,
120.87,24.07,26.1,
120.9,24.07,24.3,
120.93,24.07,19.5,
120.96,24.07,21.9,
120.99,24.07,18.2,
121.02,24.07,22.0,
121.05,24.07,19.1,
121.08,24.07,21.5,
121.11,24.07,16.0,
121.14,24.07,14.7,
121.17,24.07,8.1,
121.2,24.07,11.6,
121.23,24.07,16.5,
121.26,24.07,14.2,
121.29,24.07,7.5,
121.32,24.07,12.3,
121.35,24.07,12.1,
121.38,24.07,17.0,
121.41,24.07,20.7,
121.44,24.07,25.0,
121.47,24.07,26.0,
120.33,24.1,26.4,
120.36,24.1,26.4,
120.39,24.1,26.5,
120.42,24.1,26.5,
120.45,24.1,26.5,
120.48,24.1,25.7,
120.51,24.1,26.7,
120.54,24.1,26.8,
120.57,24.1,28.1,
120.6,24.1,26.9,
120.63,24.1,23.6,
120.66,24.1,25.9,
120.69,24.1,24.6,
120.72,24.1,24.2,
120.75,24.1,25.3,
120.78,24.1,23.9,
120.81,24.1,25.0,
120.84,24.1,23.9,
120.87,24.1,24.9,
120.9,24.1,26.9,
120.93,24.1,25.4,
120.96,24.1,25.8,
120.99,24.1,24.3,
121.02,24.1,23.9,
121.05,24.1,17.9,
121.08,24.1,18.4,
121.11,24.1,21.6,
121.14,24.1,20.0,
121.17,24.1,16.0,
121.2,24.1,6.3,
121.23,24.1,9.7,
121.26,24.1,8.7,
121.29,24.1,8.4,
121.32,24.1,12.4,
121.35,24.1,9.3,
121.38,24.1,22.4,
121.41,24.1,22.5,
121.44,24.1,27.4,
121.47,24.1,26.8,
120.33,24.13,26.5,
120.36,24.13,26.5,
120.39,24.13,26.5,
120.42,24.13,26.6,
120.45,24.13,26.7,
120.48,24.13,26.4,
120.51,24.13,26.3,
120.54,24.13,26.7,
120.57,24.13,26.9,
120.6,24.13,26.8,
120.63,24.13,26.4,
120.66,24.13,26.1,
120.69,24.13,23.9,
120.72,24.13,22.0,
120.75,24.13,24.5,
120.78,24.13,24.1,
120.81,24.13,23.4,
120.84,24.13,23.2,
120.87,24.13,18.3,
120.9,24.13,18.0,
120.93,24.13,21.3,
120.96,24.13,22.0,
120.99,24.13,20.6,
121.02,24.13,22.9,
121.05,24.13,24.6,
121.08,24.13,23.0,
121.11,24.13,18.8,
121.14,24.13,11.1,
121.17,24.13,11.0,
121.2,24.13,12.5,
121.23,24.13,14.3,
121.26,24.13,17.0,
121.29,24.13,16.3,
121.32,24.13,13.4,
121.35,24.13,11.6,
121.38,24.13,15.8,
121.41,24.13,13.3,
121.44,24.13,21.0,
121.47,24.13,21.5,
121.5,24.13,26.5,
120.36,24.16,26.6,
120.39,24.16,26.6,
120.42,24.16,26.7,
120.45,24.16,24.8,
120.48,24.16,26.1,
120.51,24.16,26.5,
120.54,24.16,26.4,
120.57,24.16,26.5,
120.6,24.16,26.7,
120.63,24.16,26.0,
120.66,24.16,25.4,
120.69,24.16,25.1,
120.72,24.16,25.0,
120.75,24.16,24.8,
120.78,24.16,24.9,
120.81,24.16,24.6,
120.84,24.16,25.2,
120.87,24.16,21.4,
120.9,24.16,16.1,
120.93,24.16,10.2,
120.96,24.16,14.5,
120.99,24.16,13.0,
121.02,24.16,21.2,
121.05,24.16,23.4,
121.08,24.16,21.8,
121.11,24.16,14.5,
121.14,24.16,11.9,
121.17,24.16,13.0,
121.2,24.16,17.5,
121.23,24.16,18.0,
121.26,24.16,19.6,
121.29,24.16,22.0,
121.32,24.16,22.7,
121.35,24.16,19.9,
121.38,24.16,23.2,
121.41,24.16,24.9,
121.44,24.16,26.4,
121.47,24.16,27.7,
121.5,24.16,26.9,
120.39,24.19,26.7,
120.42,24.19,26.8,
120.45,24.19,26.0,
120.48,24.19,25.7,
120.51,24.19,26.6,
120.54,24.19,26.4,
120.57,24.19,26.4,
120.6,24.19,26.4,
120.63,24.19,26.0,
120.66,24.19,25.6,
120.69,24.19,24.0,
120.72,24.19,25.3,
120.75,24.19,23.3,
120.78,24.19,24.7,
120.81,24.19,24.7,
120.84,24.19,22.1,
120.87,24.19,20.5,
120.9,24.19,21.4,
120.93,24.19,16.4,
120.96,24.19,10.2,
120.99,24.19,15.3,
121.02,24.19,13.3,
121.05,24.19,20.2,
121.08,24.19,22.1,
121.11,24.19,13.9,
121.14,24.19,12.3,
121.17,24.19,10.2,
121.2,24.19,13.9,
121.23,24.19,16.5,
121.26,24.19,15.5,
121.29,24.19,18.3,
121.32,24.19,24.3,
121.35,24.19,25.0,
121.38,24.19,25.0,
121.41,24.19,22.8,
121.44,24.19,21.7,
121.47,24.19,24.6,
121.5,24.19,26.2,
120.39,24.22,26.8,
120.42,24.22,26.8,
120.45,24.22,26.7,
120.48,24.22,24.8,
120.51,24.22,26.1,
120.54,24.22,26.2,
120.57,24.22,25.9,
120.6,24.22,26.2,
120.63,24.22,25.3,
120.66,24.22,24.0,
120.69,24.22,24.6,
120.72,24.22,25.3,
120.75,24.22,23.9,
120.78,24.22,22.3,
120.81,24.22,17.9,
120.84,24.22,17.7,
120.87,24.22,21.8,
120.9,24.22,24.1,
120.93,24.22,24.5,
120.96,24.22,21.3,
120.99,24.22,16.3,
121.02,24.22,11.9,
121.05,24.22,12.0,
121.08,24.22,17.5,
121.11,24.22,14.1,
121.14,24.22,17.9,
121.17,24.22,17.4,
121.2,24.22,12.7,
121.23,24.22,10.3,
121.26,24.22,15.8,
121.29,24.22,18.7,
121.32,24.22,19.4,
121.35,24.22,25.0,
121.38,24.22,20.6,
121.41,24.22,18.2,
121.44,24.22,15.5,
121.47,24.22,15.4,
121.5,24.22,23.9,
121.53,24.22,21.4,
121.56,24.22,25.0,
120.42,24.25,26.9,
120.45,24.25,26.9,
120.48,24.25,25.5,
120.51,24.25,25.8,
120.54,24.25,26.0,
120.57,24.25,26.1,
120.6,24.25,26.2,
120.63,24.25,25.4,
120.66,24.25,23.9,
120.69,24.25,25.8,
120.72,24.25,25.7,
120.75,24.25,25.1,
120.78,24.25,21.6,
120.81,24.25,18.3,
120.84,24.25,19.3,
120.87,24.25,19.3,
120.9,24.25,19.0,
120.93,24.25,21.3,
120.96,24.25,23.6,
120.99,24.25,23.1,
121.02,24.25,18.9,
121.05,24.25,21.9,
121.08,24.25,19.6,
121.11,24.25,14.1,
121.14,24.25,19.4,
121.17,24.25,13.8,
121.2,24.25,13.4,
121.23,24.25,9.5,
121.26,24.25,13.1,
121.29,24.25,13.7,
121.32,24.25,19.7,
121.35,24.25,22.0,
121.38,24.25,22.1,
121.41,24.25,15.9,
121.44,24.25,10.2,
121.47,24.25,17.9,
121.5,24.25,21.4,
121.53,24.25,15.1,
121.56,24.25,22.7,
120.42,24.28,27.0,
120.45,24.28,27.0,
120.48,24.28,26.2,
120.51,24.28,25.6,
120.54,24.28,25.9,
120.57,24.28,26.0,
120.6,24.28,26.0,
120.63,24.28,26.0,
120.66,24.28,26.3,
120.69,24.28,26.0,
120.72,24.28,25.5,
120.75,24.28,25.2,
120.78,24.28,25.2,
120.81,24.28,23.9,
120.84,24.28,21.0,
120.87,24.28,19.7,
120.9,24.28,13.2,
120.93,24.28,14.7,
120.96,24.28,20.3,
120.99,24.28,17.8,
121.02,24.28,18.8,
121.05,24.28,17.3,
121.08,24.28,19.6,
121.11,24.28,21.3,
121.14,24.28,21.2,
121.17,24.28,19.7,
121.2,24.28,10.2,
121.23,24.28,15.9,
121.26,24.28,9.6,
121.29,24.28,16.4,
121.32,24.28,15.3,
121.35,24.28,16.0,
121.38,24.28,21.6,
121.41,24.28,13.0,
121.44,24.28,15.7,
121.47,24.28,15.7,
121.5,24.28,14.7,
121.53,24.28,23.5,
121.56,24.28,26.7,
121.59,24.28,18.6,
121.62,24.28,27.2,
120.45,24.31,27.0,
120.48,24.31,26.8,
120.51,24.31,26.5,
120.54,24.31,25.8,
120.57,24.31,25.9,
120.6,24.31,26.5,
120.63,24.31,25.4,
120.66,24.31,26.0,
120.69,24.31,25.5,
120.72,24.31,25.4,
120.75,24.31,25.4,
120.78,24.31,21.7,
120.81,24.31,24.7,
120.84,24.31,23.5,
120.87,24.31,21.4,
120.9,24.31,16.3,
120.93,24.31,10.7,
120.96,24.31,8.9,
120.99,24.31,10.8,
121.02,24.31,13.1,
121.05,24.31,15.4,
121.08,24.31,11.8,
121.11,24.31,17.2,
121.14,24.31,20.2,
121.17,24.31,21.2,
121.2,24.31,19.4,
121.23,24.31,17.7,
121.26,24.31,13.9,
121.29,24.31,6.6,
121.32,24.31,10.8,
121.35,24.31,16.9,
121.38,24.31,15.2,
121.41,24.31,16.7,
121.44,24.31,17.7,
121.47,24.31,21.4,
121.5,24.31,16.1,
121.53,24.31,19.5,
121.56,24.31,23.3,
121.59,24.31,26.5,
121.62,24.31,28.4,
120.45,24.34,26.9,
120.48,24.34,26.9,
120.51,24.34,26.7,
120.54,24.34,26.3,
120.57,24.34,26.5,
120.6,24.34,26.2,
120.63,24.34,25.9,
120.66,24.34,25.6,
120.69,24.34,25.8,
120.72,24.34,26.0,
120.75,24.34,25.5,
120.78,24.34,24.0,
120.81,24.34,24.6,
120.84,24.34,21.7,
120.87,24.34,19.8,
120.9,24.34,21.0,
120.93,24.34,13.3,
120.96,24.34,10.3,
120.99,24.34,5.7,
121.02,24.34,7.3,
121.05,24.34,13.4,
121.08,24.34,6.2,
121.11,24.34,16.8,
121.14,24.34,18.0,
121.17,24.34,19.8,
121.2,24.34,18.2,
121.23,24.34,15.2,
121.26,24.34,15.9,
121.29,24.34,11.8,
121.32,24.34,7.8,
121.35,24.34,11.5,
121.38,24.34,11.8,
121.41,24.34,13.5,
121.44,24.34,22.2,
121.47,24.34,24.7,
121.5,24.34,26.2,
121.53,24.34,22.8,
121.56,24.34,28.3,
121.59,24.34,26.9,
121.62,24.34,28.3,
120.48,24.37,26.9,
120.51,24.37,26.9,
120.54,24.37,26.6,
120.57,24.37,26.6,
120.6,24.37,24.6,
120.63,24.37,24.3,
120.66,24.37,25.4,
120.69,24.37,23.6,
120.72,24.37,25.1,
120.75,24.37,25.7,
120.78,24.37,20.7,
120.81,24.37,21.1,
120.84,24.37,23.9,
120.87,24.37,23.2,
120.9,24.37,22.3,
120.93,24.37,15.5,
120.96,24.37,18.3,
120.99,24.37,11.7,
121.02,24.37,9.0,
121.05,24.37,7.5,
121.08,24.37,7.7,
121.11,24.37,8.5,
121.14,24.37,15.1,
121.17,24.37,17.7,
121.2,24.37,16.7,
121.23,24.37,17.0,
121.26,24.37,16.3,
121.29,24.37,11.9,
121.32,24.37,2.5,
121.35,24.37,9.0,
121.38,24.37,13.5,
121.41,24.37,17.1,
121.44,24.37,23.3,
121.47,24.37,19.4,
121.5,24.37,27.2,
121.53,24.37,25.8,
121.56,24.37,24.2,
121.59,24.37,16.8,
121.62,24.37,21.2,
121.65,24.37,27.7,
120.48,24.4,27.0,
120.51,24.4,27.0,
120.54,24.4,26.2,
120.57,24.4,26.7,
120.6,24.4,25.9,
120.63,24.4,24.3,
120.66,24.4,25.1,
120.69,24.4,25.3,
120.72,24.4,24.7,
120.75,24.4,25.6,
120.78,24.4,25.0,
120.81,24.4,23.7,
120.84,24.4,21.1,
120.87,24.4,22.9,
120.9,24.4,23.0,
120.93,24.4,15.6,
120.96,24.4,19.7,
120.99,24.4,13.3,
121.02,24.4,18.2,
121.05,24.4,14.3,
121.08,24.4,8.5,
121.11,24.4,5.1,
121.14,24.4,10.5,
121.17,24.4,14.8,
121.2,24.4,13.4,
121.23,24.4,18.1,
121.26,24.4,22.2,
121.29,24.4,17.1,
121.32,24.4,8.3,
121.35,24.4,16.6,
121.38,24.4,16.9,
121.41,24.4,20.4,
121.44,24.4,25.6,
121.47,24.4,26.3,
121.5,24.4,27.4,
121.53,24.4,22.3,
121.56,24.4,17.1,
121.59,24.4,19.3,
121.62,24.4,22.1,
121.65,24.4,25.7,
120.51,24.43,27.0,
120.54,24.43,26.9,
120.57,24.43,26.8,
120.6,24.43,26.5,
120.63,24.43,24.6,
120.66,24.43,24.7,
120.69,24.43,26.3,
120.72,24.43,23.8,
120.75,24.43,23.9,
120.78,24.43,24.0,
120.81,24.43,24.3,
120.84,24.43,17.0,
120.87,24.43,18.8,
120.9,24.43,19.0,
120.93,24.43,20.0,
120.96,24.43,21.0,
120.99,24.43,19.7,
121.02,24.43,17.7,
121.05,24.43,18.2,
121.08,24.43,16.7,
121.11,24.43,14.5,
121.14,24.43,6.8,
121.17,24.43,9.7,
121.2,24.43,12.6,
121.23,24.43,20.6,
121.26,24.43,23.3,
121.29,24.43,21.2,
121.32,24.43,14.4,
121.35,24.43,14.8,
121.38,24.43,20.7,
121.41,24.43,23.3,
121.44,24.43,17.9,
121.47,24.43,23.4,
121.5,24.43,25.8,
121.53,24.43,21.4,
121.56,24.43,25.9,
121.59,24.43,27.4,
121.62,24.43,27.7,
121.65,24.43,28.0,
120.54,24.46,27.0,
120.57,24.46,27.0,
120.6,24.46,26.7,
120.63,24.46,24.9,
120.66,24.46,25.8,
120.69,24.46,26.2,
120.72,24.46,26.5,
120.75,24.46,26.3,
120.78,24.46,25.5,
120.81,24.46,25.1,
120.84,24.46,24.4,
120.87,24.46,23.0,
120.9,24.46,16.7,
120.93,24.46,19.2,
120.96,24.46,17.9,
120.99,24.46,19.4,
121.02,24.46,15.0,
121.05,24.46,11.1,
121.08,24.46,11.0,
121.11,24.46,10.5,
121.14,24.46,8.0,
121.17,24.46,15.5,
121.2,24.46,12.3,
121.23,24.46,18.4,
121.26,24.46,23.8,
121.29,24.46,26.0,
121.32,24.46,23.6,
121.35,24.46,12.3,
121.38,24.46,14.4,
121.41,24.46,15.9,
121.44,24.46,20.1,
121.47,24.46,17.5,
121.5,24.46,21.2,
121.53,24.46,22.5,
121.56,24.46,25.1,
121.59,24.46,20.8,
121.62,24.46,24.4,
121.65,24.46,28.4,
121.68,24.46,26.4,
120.57,24.49,26.9,
120.6,24.49,26.7,
120.63,24.49,25.7,
120.66,24.49,26.4,
120.69,24.49,26.2,
120.72,24.49,26.5,
120.75,24.49,23.5,
120.78,24.49,25.5,
120.81,24.49,23.9,
120.84,24.49,19.5,
120.87,24.49,19.7,
120.9,24.49,18.5,
120.93,24.49,13.3,
120.96,24.49,16.9,
120.99,24.49,12.8,
121.02,24.49,16.7,
121.05,24.49,15.8,
121.08,24.49,14.4,
121.11,24.49,8.7,
121.14,24.49,10.3,
121.17,24.49,14.7,
121.2,24.49,16.8,
121.23,24.49,11.8,
121.26,24.49,20.4,
121.29,24.49,26.3,
121.32,24.49,23.5,
121.35,24.49,16.7,
121.38,24.49,18.8,
121.41,24.49,16.7,
121.44,24.49,18.1,
121.47,24.49,16.6,
121.5,24.49,19.5,
121.53,24.49,21.6,
121.56,24.49,18.4,
121.59,24.49,17.1,
121.62,24.49,21.9,
121.65,24.49,27.8,
121.68,24.49,24.7,
121.71,24.49,26.6,
120.6,24.52,25.3,
120.63,24.52,26.4,
120.66,24.52,26.2,
120.69,24.52,26.7,
120.72,24.52,26.6,
120.75,24.52,25.7,
120.78,24.52,25.6,
120.81,24.52,25.4,
120.84,24.52,22.9,
120.87,24.52,19.7,
120.9,24.52,17.3,
120.93,24.52,16.3,
120.96,24.52,19.1,
120.99,24.52,16.1,
121.02,24.52,17.2,
121.05,24.52,18.1,
121.08,24.52,12.1,
121.11,24.52,16.1,
121.14,24.52,14.9,
121.17,24.52,11.7,
121.2,24.52,17.3,
121.23,24.52,19.4,
121.26,24.52,16.4,
121.29,24.52,23.0,
121.32,24.52,26.7,
121.35,24.52,20.1,
121.38,24.52,22.4,
121.41,24.52,24.4,
121.44,24.52,17.2,
121.47,24.52,14.1,
121.5,24.52,19.8,
121.53,24.52,20.7,
121.56,24.52,20.1,
121.59,24.52,25.0,
121.62,24.52,27.1,
121.65,24.52,25.9,
121.68,24.52,27.7,
121.71,24.52,27.3,
120.6,24.55,26.2,
120.63,24.55,26.7,
120.66,24.55,26.1,
120.69,24.55,26.8,
120.72,24.55,26.8,
120.75,24.55,26.4,
120.78,24.55,24.6,
120.81,24.55,26.0,
120.84,24.55,24.2,
120.87,24.55,23.7,
120.9,24.55,22.7,
120.93,24.55,20.9,
120.96,24.55,21.0,
120.99,24.55,23.0,
121.02,24.55,22.0,
121.05,24.55,17.9,
121.08,24.55,11.9,
121.11,24.55,18.3,
121.14,24.55,13.3,
121.17,24.55,15.7,
121.2,24.55,15.9,
121.23,24.55,21.2,
121.26,24.55,17.4,
121.29,24.55,20.4,
121.32,24.55,26.1,
121.35,24.55,26.6,
121.38,24.55,21.0,
121.41,24.55,25.4,
121.44,24.55,19.5,
121.47,24.55,20.3,
121.5,24.55,20.8,
121.53,24.55,22.1,
121.56,24.55,23.0,
121.59,24.55,25.5,
121.62,24.55,24.2,
121.65,24.55,20.4,
121.68,24.55,22.2,
121.71,24.55,26.5,
121.74,24.55,28.3,|R3_lon_low_coverage
120.6,24.58,26.5,
120.63,24.58,26.6,
120.66,24.58,26.6,
120.69,24.58,26.9,
120.72,24.58,27.0,
120.75,24.58,26.1,
120.78,24.58,26.9,
120.81,24.58,26.6,
120.84,24.58,25.0,
120.87,24.58,25.5,
120.9,24.58,24.0,
120.93,24.58,22.0,
120.96,24.58,19.7,
120.99,24.58,24.7,
121.02,24.58,21.0,
121.05,24.58,16.0,
121.08,24.58,13.3,
121.11,24.58,20.2,
121.14,24.58,18.8,
121.17,24.58,13.9,
121.2,24.58,20.9,
121.23,24.58,17.4,
121.26,24.58,15.5,
121.29,24.58,19.5,
121.32,24.58,23.2,
121.35,24.58,26.8,
121.38,24.58,26.8,
121.41,24.58,25.9,
121.44,24.58,21.5,
121.47,24.58,23.6,
121.5,24.58,24.6,
121.53,24.58,23.1,
121.56,24.58,27.6,
121.59,24.58,26.3,
121.62,24.58,24.0,
121.65,24.58,26.3,
121.68,24.58,27.5,
121.71,24.58,28.4,
120.66,24.61,25.4,
120.69,24.61,26.4,
120.72,24.61,26.6,
120.75,24.61,26.7,
120.78,24.61,26.9,
120.81,24.61,26.9,
120.84,24.61,26.5,
120.87,24.61,24.1,
120.9,24.61,24.0,
120.93,24.61,22.5,
120.96,24.61,20.9,
120.99,24.61,24.3,
121.02,24.61,22.6,
121.05,24.61,19.8,
121.08,24.61,17.4,
121.11,24.61,14.1,
121.14,24.61,21.9,
121.17,24.61,22.5,
121.2,24.61,17.3,
121.23,24.61,15.7,
121.26,24.61,19.0,
121.29,24.61,20.2,
121.32,24.61,19.6,
121.35,24.61,22.0,
121.38,24.61,25.6,
121.41,24.61,27.7,
121.44,24.61,27.3,
121.47,24.61,26.2,
121.5,24.61,26.7,
121.53,24.61,26.9,
121.56,24.61,27.8,
121.59,24.61,27.3,
121.62,24.61,28.1,
121.65,24.61,27.7,
121.68,24.61,28.4,
121.71,24.61,28.3,
120.66,24.64,26.8,
120.69,24.64,26.6,
120.72,24.64,26.7,
120.75,24.64,26.9,
120.78,24.64,26.9,
120.81,24.64,27.0,
120.84,24.64,26.6,
120.87,24.64,26.5,
120.9,24.64,25.5,
120.93,24.64,24.1,
120.96,24.64,24.4,
120.99,24.64,26.4,
121.02,24.64,24.5,
121.05,24.64,18.7,
121.08,24.64,20.0,
121.11,24.64,19.3,
121.14,24.64,20.6,
121.17,24.64,23.1,
121.2,24.64,22.0,
121.23,24.64,18.4,
121.26,24.64,16.9,
121.29,24.64,23.9,
121.32,24.64,22.0,
121.35,24.64,19.4,
121.38,24.64,25.6,
121.41,24.64,25.5,
121.44,24.64,27.6,
121.47,24.64,27.6,
121.5,24.64,26.0,
121.53,24.64,25.1,
121.56,24.64,27.0,
121.59,24.64,28.2,
121.62,24.64,28.4,
121.65,24.64,28.2,
121.68,24.64,28.2,
121.71,24.64,28.3,
120.72,24.67,26.2,
120.75,24.67,26.9,
120.78,24.67,27.0,
120.81,24.67,27.1,
120.84,24.67,27.0,
120.87,24.67,26.8,
120.9,24.67,26.8,
120.93,24.67,26.4,
120.96,24.67,24.8,
120.99,24.67,26.3,
121.02,24.67,23.9,
121.05,24.67,21.1,
121.08,24.67,23.9,
121.11,24.67,23.1,
121.14,24.67,21.8,
121.17,24.67,21.3,
121.2,24.67,23.4,
121.23,24.67,24.7,
121.26,24.67,24.9,
121.29,24.67,22.0,
121.32,24.67,21.0,
121.35,24.67,13.9,
121.38,24.67,21.6,
121.41,24.67,22.6,
121.44,24.67,25.5,
121.47,24.67,27.2,
121.5,24.67,27.7,
121.53,24.67,25.3,
121.56,24.67,28.4,
121.59,24.67,28.4,
121.62,24.67,28.2,
121.65,24.67,28.1,
121.68,24.67,28.1,
121.71,24.67,28.4,
120.75,24.7,27.0,
120.78,24.7,27.2,
120.81,24.7,27.2,
120.84,24.7,26.7,
120.87,24.7,26.8,
120.9,24.7,26.7,
120.93,24.7,26.6,
120.96,24.7,26.2,
120.99,24.7,26.0,
121.02,24.7,26.1,
121.05,24.7,25.9,
121.08,24.7,25.9,
121.11,24.7,23.8,
121.14,24.7,19.9,
121.17,24.7,17.1,
121.2,24.7,17.9,
121.23,24.7,21.4,
121.26,24.7,25.4,
121.29,24.7,18.3,
121.32,24.7,16.0,
121.35,24.7,17.4,
121.38,24.7,20.9,
121.41,24.7,18.2,
121.44,24.7,24.3,
121.47,24.7,25.2,
121.5,24.7,27.5,
121.53,24.7,28.2,
121.56,24.7,28.3,
121.59,24.7,28.3,
121.62,24.7,28.2,
121.65,24.7,28.2,
121.68,24.7,28.0,
120.78,24.73,27.0,
120.81,24.73,27.2,
120.84,24.73,15.6,
120.87,24.73,27.1,
120.9,24.73,25.9,
120.93,24.73,26.5,
120.96,24.73,26.5,
120.99,24.73,26.6,
121.02,24.73,26.3,
121.05,24.73,26.1,
121.08,24.73,25.7,
121.11,24.73,25.2,
121.14,24.73,23.5,
121.17,24.73,19.5,
121.2,24.73,20.9,
121.23,24.73,26.0,
121.26,24.73,23.1,
121.29,24.73,20.4,
121.32,24.73,16.2,
121.35,24.73,21.9,
121.38,24.73,21.7,
121.41,24.73,18.7,
121.44,24.73,22.4,
121.47,24.73,21.3,
121.5,24.73,27.0,
121.53,24.73,26.5,
121.56,24.73,28.3,
121.59,24.73,28.4,
121.62,24.73,28.3,
121.65,24.73,28.5,
121.68,24.73,28.0,
120.81,24.76,27.1,
120.84,24.76,25.7,
120.87,24.76,26.0,
120.9,24.76,26.7,
120.93,24.76,26.7,
120.96,24.76,27.0,
120.99,24.76,26.0,
121.02,24.76,25.7,
121.05,24.76,25.4,
121.08,24.76,27.1,
121.11,24.76,26.5,
121.14,24.76,24.6,
121.17,24.76,21.4,
121.2,24.76,22.0,
121.23,24.76,26.4,
121.26,24.76,21.9,
121.29,24.76,16.9,
121.32,24.76,20.6,
121.35,24.76,23.5,
121.38,24.76,25.2,
121.41,24.76,24.3,
121.44,24.76,23.3,
121.47,24.76,23.0,
121.5,24.76,23.6,
121.53,24.76,26.6,
121.56,24.76,27.8,
121.59,24.76,28.3,
121.62,24.76,28.2,
121.65,24.76,28.0,
121.68,24.76,27.9,
120.81,24.79,27.1,
120.84,24.79,27.2,
120.87,24.79,27.1,
120.9,24.79,27.2,
120.93,24.79,27.2,
120.96,24.79,26.8,
120.99,24.79,24.8,
121.02,24.79,26.5,
121.05,24.79,26.9,
121.08,24.79,26.5,
121.11,24.79,25.6,
121.14,24.79,25.4,
121.17,24.79,25.8,
121.2,24.79,25.5,
121.23,24.79,24.3,
121.26,24.79,25.3,
121.29,24.79,22.5,
121.32,24.79,17.3,
121.35,24.79,21.4,
121.38,24.79,24.9,
121.41,24.79,19.6,
121.44,24.79,18.5,
121.47,24.79,19.7,
121.5,24.79,19.6,
121.53,24.79,26.4,
121.56,24.79,27.4,
121.59,24.79,28.0,
121.62,24.79,28.1,
121.65,24.79,27.9,
121.68,24.79,27.7,
120.81,24.82,27.1,
120.84,24.82,27.2,
120.87,24.82,27.3,
120.9,24.82,27.3,
120.93,24.82,27.3,
120.96,24.82,27.3,
120.99,24.82,27.2,
121.02,24.82,26.1,
121.05,24.82,25.7,
121.08,24.82,26.1,
121.11,24.82,26.5,
121.14,24.82,27.6,
121.17,24.82,26.8,
121.2,24.82,26.5,
121.23,24.82,26.0,
121.26,24.82,25.8,
121.29,24.82,21.6,
121.32,24.82,23.6,
121.35,24.82,21.0,
121.38,24.82,24.2,
121.41,24.82,24.9,
121.44,24.82,21.7,
121.47,24.82,24.8,
121.5,24.82,21.4,
121.53,24.82,22.1,
121.56,24.82,21.9,
121.59,24.82,24.7,
121.62,24.82,27.5,
121.65,24.82,27.8,
121.68,24.82,27.8,
121.83,24.82,27.6,|R3_lon_low_coverage
120.84,24.85,27.3,
120.87,24.85,27.4,
120.9,24.85,27.0,
120.93,24.85,27.2,
120.96,24.85,26.9,
120.99,24.85,27.1,
121.02,24.85,24.8,
121.05,24.85,26.3,
121.08,24.85,25.5,
121.11,24.85,26.4,
121.14,24.85,27.8,
121.17,24.85,26.9,
121.2,24.85,25.8,
121.23,24.85,26.9,
121.26,24.85,24.2,
121.29,24.85,24.3,
121.32,24.85,27.1,
121.35,24.85,24.1,
121.38,24.85,23.0,
121.41,24.85,26.6,
121.44,24.85,26.8,
121.47,24.85,26.0,
121.5,24.85,24.9,
121.53,24.85,22.6,
121.56,24.85,20.6,
121.59,24.85,21.6,
121.62,24.85,24.4,
121.65,24.85,27.5,
121.68,24.85,27.8,
120.84,24.88,27.2,
120.87,24.88,27.3,
120.9,24.88,27.2,
120.93,24.88,26.8,
120.96,24.88,26.1,
120.99,24.88,26.2,
121.02,24.88,26.4,
121.05,24.88,25.6,
121.08,24.88,26.7,
121.11,24.88,26.9,
121.14,24.88,27.5,
121.17,24.88,28.2,
121.2,24.88,27.5,
121.23,24.88,28.1,
121.26,24.88,28.0,
121.29,24.88,26.7,
121.32,24.88,23.9,
121.35,24.88,23.3,
121.38,24.88,26.9,
121.41,24.88,26.8,
121.44,24.88,23.9,
121.47,24.88,26.4,
121.5,24.88,26.5,
121.53,24.88,24.9,
121.56,24.88,23.9,
121.59,24.88,25.5,
121.62,24.88,24.5,
121.65,24.88,23.7,
121.68,24.88,27.4,
121.71,24.88,27.8,
120.87,24.91,27.4,
120.9,24.91,27.3,
120.93,24.91,27.0,
120.96,24.91,26.8,
120.99,24.91,27.0,
121.02,24.91,26.6,
121.05,24.91,27.4,
121.08,24.91,27.3,
121.11,24.91,27.3,
121.14,24.91,27.6,
121.17,24.91,28.4,
121.2,24.91,28.5,
121.23,24.91,28.5,
121.26,24.91,28.2,
121.29,24.91,27.6,
121.32,24.91,27.9,
121.35,24.91,26.2,
121.38,24.91,25.9,
121.41,24.91,28.5,
121.44,24.91,27.7,
121.47,24.91,27.6,
121.5,24.91,27.5,
121.53,24.91,26.5,
121.56,24.91,26.1,
121.59,24.91,25.5,
121.62,24.91,23.5,
121.65,24.91,23.7,
121.68,24.91,24.0,
121.71,24.91,24.2,
121.74,24.91,27.6,|R3_lon_low_coverage
120.9,24.94,27.5,
120.93,24.94,27.5,
120.96,24.94,27.5,
120.99,24.94,27.5,
121.02,24.94,27.5,
121.05,24.94,27.3,
121.08,24.94,27.6,
121.11,24.94,27.6,
121.14,24.94,28.2,
121.17,24.94,27.8,
121.2,24.94,28.5,
121.23,24.94,28.7,
121.26,24.94,28.9,
121.29,24.94,28.4,
121.32,24.94,26.8,
121.35,24.94,27.8,
121.38,24.94,27.7,
121.41,24.94,28.4,
121.44,24.94,26.6,
121.47,24.94,25.9,
121.5,24.94,26.5,
121.53,24.94,26.5,
121.56,24.94,26.5,
121.59,24.94,26.5,
121.62,24.94,25.5,
121.65,24.94,22.7,
121.68,24.94,24.3,
121.71,24.94,23.2,
121.74,24.94,25.9,|R3_lon_low_coverage
120.9,24.97,27.6,
120.93,24.97,27.8,
120.96,24.97,27.7,
120.99,24.97,27.7,
121.02,24.97,27.7,
121.05,24.97,29.1,
121.08,24.97,28.1,
121.11,24.97,28.0,
121.14,24.97,28.1,
121.17,24.97,28.0,
121.2,24.97,28.0,
121.23,24.97,28.1,
121.26,24.97,28.6,
121.29,24.97,28.5,
121.32,24.97,28.2,
121.35,24.97,28.3,
121.38,24.97,28.3,
121.41,24.97,28.3,
121.44,24.97,28.2,
121.47,24.97,27.4,
121.5,24.97,25.7,
121.53,24.97,26.8,
121.56,24.97,25.9,
121.59,24.97,22.6,
121.62,24.97,25.3,
121.65,24.97,25.2,
121.68,24.97,24.2,
121.71,24.97,24.1,
121.74,24.97,25.7,|R3_lon_low_coverage
121.77,24.97,25.8,|R3_lon_low_coverage
120.93,25.0,27.9,
120.96,25.0,28.1,
120.99,25.0,27.9,
121.02,25.0,27.9,
121.05,25.0,28.0,
121.08,25.0,28.1,
121.11,25.0,28.2,
121.14,25.0,28.2,
121.17,25.0,28.1,
121.2,25.0,28.3,
121.23,25.0,27.5,
121.26,25.0,27.4,
121.29,25.0,28.5,
121.32,25.0,28.7,
121.35,25.0,28.3,
121.38,25.0,28.2,
121.41,25.0,28.1,
121.44,25.0,27.8,
121.47,25.0,27.5,
121.5,25.0,27.5,
121.53,25.0,25.8,
121.56,25.0,26.3,
121.59,25.0,25.3,
121.62,25.0,24.8,
121.65,25.0,25.1,
121.68,25.0,25.4,
121.71,25.0,26.3,
121.74,25.0,26.8,|R3_lon_low_coverage
121.77,25.0,27.1,|R3_lon_low_coverage
121.8,25.0,26.4,|R3_lon_low_coverage
121.83,25.0,26.4,|R3_lon_low_coverage
121.86,25.0,26.7,|R3_lon_low_coverage
120.93,25.03,28.0,
120.96,25.03,28.2,
120.99,25.03,28.3,
121.02,25.03,28.1,
121.05,25.03,28.2,
121.08,25.03,28.4,
121.11,25.03,28.3,
121.14,25.03,27.7,
121.17,25.03,28.3,
121.2,25.03,27.4,
121.23,25.03,26.9,
121.26,25.03,26.4,
121.29,25.03,28.4,
121.32,25.03,28.3,
121.35,25.03,28.1,
121.38,25.03,28.0,
121.41,25.03,25.7,
121.44,25.03,27.9,
121.47,25.03,27.9,
121.5,25.03,27.9,
121.53,25.03,26.3,
121.56,25.03,25.4,
121.59,25.03,25.4,
121.62,25.03,26.2,
121.65,25.03,26.3,
121.68,25.03,26.7,
121.71,25.03,27.3,
121.74,25.03,27.1,|R3_lon_low_coverage
121.77,25.03,27.3,|R3_lon_low_coverage
121.8,25.03,27.0,|R3_lon_low_coverage
121.02,25.06,28.4,
121.05,25.06,28.4,
121.08,25.06,28.4,
121.11,25.06,28.4,
121.14,25.06,28.3,
121.17,25.06,28.3,
121.2,25.06,27.4,
121.23,25.06,26.8,
121.26,25.06,26.7,
121.29,25.06,28.2,
121.32,25.06,27.6,
121.35,25.06,28.0,
121.38,25.06,28.2,
121.41,25.06,27.8,
121.44,25.06,27.9,
121.47,25.06,27.9,
121.5,25.06,28.0,
121.53,25.06,28.6,
121.56,25.06,27.9,
121.59,25.06,26.5,
121.62,25.06,26.3,
121.65,25.06,25.7,
121.68,25.06,26.8,
121.71,25.06,26.0,
121.74,25.06,26.7,|R3_lon_low_coverage
121.77,25.06,26.5,|R3_lon_low_coverage
121.08,25.09,28.3,
121.11,25.09,28.3,
121.14,25.09,27.7,
121.17,25.09,28.3,
121.2,25.09,27.3,
121.23,25.09,27.3,
121.26,25.09,26.4,
121.29,25.09,27.4,
121.32,25.09,28.0,
121.35,25.09,27.7,
121.38,25.09,27.9,
121.41,25.09,27.9,
121.44,25.09,28.0,
121.47,25.09,27.9,
121.5,25.09,27.9,
121.53,25.09,27.6,
121.56,25.09,28.8,
121.59,25.09,30.0,
121.62,25.09,27.6,
121.65,25.09,27.2,
121.68,25.09,25.3,
121.71,25.09,26.8,
121.74,25.09,24.8,|R3_lon_low_coverage
121.77,25.09,25.9,|R3_lon_low_coverage
121.26,25.12,27.7,
121.29,25.12,27.4,
121.32,25.12,27.3,
121.35,25.12,27.8,
121.38,25.12,27.8,
121.41,25.12,28.2,
121.44,25.12,26.7,
121.47,25.12,25.6,
121.5,25.12,27.1,
121.53,25.12,27.4,
121.56,25.12,26.6,
121.59,25.12,27.7,
121.62,25.12,27.7,
121.65,25.12,27.3,
121.68,25.12,25.9,
121.29,25.15,28.1,
121.32,25.15,27.9,
121.35,25.15,27.2,
121.38,25.15,27.8,
121.41,25.15,26.6,
121.44,25.15,24.3,
121.47,25.15,22.6,
121.5,25.15,25.5,
121.53,25.15,25.9,
121.56,25.15,26.8,
121.59,25.15,25.8,
121.62,25.15,27.5,
121.32,25.18,27.8,
121.35,25.18,27.1,
121.38,25.18,24.3,
121.41,25.18,21.2,
121.44,25.18,23.3,
121.47,25.18,25.0,
121.5,25.18,24.7,
121.53,25.18,25.8,
121.56,25.18,27.4,
121.35,25.21,27.3,|R3_lat_low_coverage
121.38,25.21,26.2,|R3_lat_low_coverage
121.41,25.21,25.8,|R3_lat_low_coverage
121.44,25.21,22.1,|R3_lat_low_coverage
121.47,25.21,27.1,|R3_lat_low_coverage
121.5,25.21,27.4,|R3_lat_low_coverage
121.35,25.24,27.4,|R3_lat_low_coverage
121.38,25.24,26.9,|R3_lat_low_coverage
121.41,25.24,25.8,|R3_lat_low_coverage
121.44,25.24,25.7,|R3_lat_low_coverage
121.47,25.24,24.9,|R3_lat_low_coverage
121.5,25.24,27.2,|R3_lat_low_coverage
121.41,25.27,26.9,|R3_lat_low_coverage
121.44,25.27,24.3,|R3_lat_low_coverage
121.47,25.27,24.1,|R3_lat_low_coverage
121.89,25.45,0.0,|R1_zero|R3_lon_low_coverage|R3_lat_low_coverage
121.92,25.45,0.0,|R1_zero|R3_lon_low_coverage|R3_lat_low_coverage
121.95,25.45,0.0,|R1_zero|R3_lon_low_coverage|R3_lat_low_coverage
121.98,25.45,0.0,|R1_zero|R3_lon_low_coverage|R3_lat_low_coverage
